ID,Year,Group,Subgroup,Type,Subtype,Subsubtype,EventName,Country,ISO,Region,Continent,Location,Origin,AssociatedDis,AssociatedDis2,Declaration,AidContribution,DisMagValue,DisMagScale,Latitude,Longitude,LocalTime,RiverBasin,StartYear,StartMonth,StartDay,EndYear,EndMonth,EndDay,Deaths,Injuries,Affected,Homeless,TotalAffected,ReconstructionCosts,InsuredDamages,TotalDamages,GeoLocations
1991-0132-PHL,1991,Natural,Geophysical,Volcanic activity,Ash fall,,Mount Pinatubo,Philippines (the),PHL,South-Eastern Asia,Asia,Zambales,,,,,,,,,,,,,,,,,,,,,,,,,,
1991-0383-PHL,1991,Natural,Meteorological,Storm,Tropical cyclone,,Thelma (Uring),Philippines (the),PHL,South-Eastern Asia,Asia,Bago,,,,,,,,,,,,,,,,,,,,,,,,,,
1991-0114-PAN,1991,Natural,Geophysical,Earthquake,Ground movement,,,Panama,PAN,Central America,Americas,Bocas Del Toro,,,,,,,,,,,,,,,,,,,,,,,,,,
1991-0431-IND,1991,Natural,Hydrological,Flood,Riverine flood,,,India,IND,Southern Asia,Asia,Near Thondebhavi (Karnataka),Monsoonal rain,Slide (land,,,,,,,,,,,,,,,,,,,,,,,,
1991-0418-IDN,1991,Natural,Climatological,Wildfire,Forest fire,,,Indonesia,IDN,South-Eastern Asia,Asia,Borneo,,,,,,,,,,,,,,,,,,,,,,,,,,
1991-0122-GEO,1991,Natural,Geophysical,Earthquake,Ground movement,,,Georgia,GEO,Western Asia,Asia,Dzhava-Tskhinvazli area,,Slide (land,,,,,,,,,,,,,,,,,,,,,,,,
1991-0230-GTM,1991,Natural,Geophysical,Earthquake,Ground movement,,,Guatemala,GTM,Central America,Americas,Escuintla,,,,,,,,,,,,,,,,,,,,,,,,,,
1991-0368-IND,1991,Natural,Geophysical,Earthquake,Ground movement,,,India,IND,Southern Asia,Asia,Harsil (near Gangotri,,,,,,,,,,,,,,,,,,,,,,,,,,
1991-0532-IND,1991,Natural,Hydrological,Flood,Riverine flood,,,India,IND,Southern Asia,Asia,Haryana,,,,,,,,,,,,,,,,,,,,,,,,,,
1991-0177-KOR,1991,Natural,Hydrological,Flood,Riverine flood,,,Korea (the Republic of),KOR,Eastern Asia,Asia,Seoul and surroundings,Heavy rain,Slide (land,,,,,,,,,,,,,,,,,,,,,,,,
1991-0541-MEX,1991,Natural,Hydrological,Flood,Riverine flood,,,Mexico,MEX,Central America,Americas,Veracruz,Heavy rains,Slide (land,,,,,,,,,,,,,,,,,,,,,,,,
1991-0048-MWI,1991,Natural,Hydrological,Flood,Flash flood,,,Malawi,MWI,Eastern Africa,Africa,Chiringa,,,,,,,,,,,,,,,,,,,,,,,,,,
1991-0213-PAN,1991,Natural,Hydrological,Flood,Riverine flood,,,Panama,PAN,Central America,Americas,Bocas del Toro Province,Heavy rain,Slide (land,,,,,,,,,,,,,,,,,,,,,,,,
1991-0173-PER,1991,Natural,Geophysical,Earthquake,Ground movement,,,Peru,PER,South America,Americas,Maca Arequipa region,,Slide (land,,,,,,,,,,,,,,,,,,,,,,,,
1991-0533-PHL,1991,Natural,Hydrological,Flood,Coastal flood,,,Philippines (the),PHL,South-Eastern Asia,Asia,Luzon Isl.,Extra-tropical cyclone,Slide (land,,,,,,,,,,,,,,,,,,,,,,,,
1991-0774-ROU,1991,Natural,Geophysical,Earthquake,Ground movement,,,Romania,ROU,Eastern Europe,Europe,Orosova area,,Slide (land,,,,,,,,,,,,,,,,,,,,,,,,
1991-0527-IND,1991,Natural,Hydrological,Flood,Riverine flood,,,India,IND,Southern Asia,Asia,Andhra Pradesh,,,,,,,,,,,,,,,,,,,,,,,,,,
1991-0434-IRN,1991,Natural,Hydrological,Flood,Riverine flood,,,Iran (Islamic Republic of),IRN,Southern Asia,Asia,Khoram Abad (Luristan province),,,,,,,,,,,,,,,,,,,,,,,,,,
1991-0172-ROU,1991,Natural,Hydrological,Flood,Riverine flood,,,Romania,ROU,Eastern Europe,Europe,Bacau,,,,,,,,,,,,,,,,,,,,,,,,,,
1991-9316-FRA,1991,Natural,Climatological,Drought,Drought,,,France,FRA,Western Europe,Europe,Limousin,,,,,,,,,,,,,,,,,,,,,,,,,,
1991-0374-IND,1991,Natural,Meteorological,Storm,Tropical cyclone,,4B,India,IND,Southern Asia,Asia,Andhra Pradesh,,,,,,,,,,,,,,,,,,,,,,,,,,
1991-0630-EGY,1991,Technological,Technological,Transport accident,Road,,,Egypt,EGY,Northern Africa,Africa,Asiut (El Minia),,,,,,,,,,,,1991,1,1,1991,1,1,20,,,,,,,,
1991-0112-EGY,1991,Technological,Technological,Transport accident,Water,,,Egypt,EGY,Northern Africa,Africa,Red Sea (Near Hurghada),,,,,,,,,,,,1991,4,18,1991,4,18,24,,,,,,,,
1991-0445-EGY,1991,Technological,Technological,Transport accident,Water,,"Ferry ""Salem Express""",Egypt,EGY,Northern Africa,Africa,Coast of Safaga,,,,,,,,,,,,1991,12,14,1991,12,14,460,,,,,,,,
1991-0443-EGY,1991,Technological,Technological,Miscellaneous accident,Collapse,,Irrigation canal,Egypt,EGY,Northern Africa,Africa,Noubariah,,,,,,,,,,,,,,,,,,,,,,,,,,
1991-0295-ESP,1991,Natural,Climatological,Wildfire,Land fire (Brush,,,,,,,,,,,,,,,,,,,,,,,,,,,,,,,,,
1991-0400-ESP,1991,Technological,Technological,Transport accident,Road,,,Spain,ESP,Southern Europe,Europe,Near Bilbao,,,,,,,,,,,,1991,12,6,1991,12,6,17,50,,,50,,,,
1991-0085-ETH,1991,Natural,Geophysical,Mass movement (dry),Landslide,,,Ethiopia,ETH,Eastern Africa,Africa,Hararghe Province,,,,,,,,,,,,1991,4,3,1991,4,3,13,,,,,,,,
1991-0651-ETH,1991,Technological,Technological,Transport accident,Rail,,,Ethiopia,ETH,Eastern Africa,Africa,Near Dire Dawa,,,,,,,,,,,,1991,6,22,1991,6,22,50,,,,,,,,
1991-0336-ETH,1991,Technological,Technological,Industrial accident,Explosion,,Ammunition storage,Ethiopia,ETH,Eastern Africa,Africa,Addis Abeba,,,,,,,m3,,,,,1991,6,4,1991,6,4,100,200,,,200,,,,
1991-0446-ETH,1991,Technological,Technological,Miscellaneous accident,Fire,,,Ethiopia,ETH,Eastern Africa,Africa,Bare (Ogaden),,,,,,,,,,,,1991,12,12,1991,12,12,,,,50000,50000,,,,
1991-0020-FRA,1991,Natural,Meteorological,Extreme temperature,Cold wave,,,France,FRA,Western Europe,Europe,,,,,,,,Â°C,,,,,1991,2,,1991,2,,20,,,,,,,,
1991-0497-FRA,1991,Natural,Meteorological,Extreme temperature,Cold wave,,,France,FRA,Western Europe,Europe,Champagne,,,,,,,,,,,,,,,,,,,,,,,,,,
1991-0105-FRA,1991,Technological,Technological,Transport accident,Air,,Mirage and helicoper,France,FRA,Western Europe,Europe,Massif central region,,,,,,,,,,,,1991,4,9,1991,4,9,10,,,,,,,,
1991-0396-FRA,1991,Technological,Technological,Transport accident,Rail,,,France,FRA,Western Europe,Europe,Melun,,,,,,,,,,,,1991,10,17,1991,10,17,24,62,,,62,,,,
1991-0254-FRA,1991,Technological,Technological,Industrial accident,Fire,,Oil depot,France,FRA,Western Europe,Europe,Saint Ouen,,,,,,,m3,,,,,1991,6,15,1991,6,15,,7,2500,,2507,,,,
1991-0248-FRA,1991,Technological,Technological,Miscellaneous accident,Fire,,Thermal building,France,FRA,Western Europe,Europe,Bartoban-lesThermes,,,,,,,,,,,,1991,6,28,1991,6,28,20,1,,,1,,,,
1991-0613-GAB,1991,Technological,Technological,Transport accident,Water,,Ferry,Gabon,GAB,Middle Africa,Africa,Golfe de GuinÃ©e (Atlantique),,,,,,,,,,,,1991,4,18,1991,4,18,72,,,,,,,,
1991-0483-GBR,1991,Natural,Meteorological,Extreme temperature,Cold wave,,,United Kingdom of Great Britain and Northern Ireland (the),GBR,Northern Europe,Europe,,,,,,,,Â°C,,,,,1991,2,14,1991,2,14,,,,,,,200000,,
1991-0453-GBR,1991,Technological,Technological,Transport accident,Road,,,United Kingdom of Great Britain and Northern Ireland (the),GBR,Northern Europe,Europe,Bicester,,,,,,,,,,,,1991,3,14,1991,3,14,12,25,,,25,,,,
1991-0003-GBR,1991,Technological,Technological,Transport accident,Rail,,,United Kingdom of Great Britain and Northern Ireland (the),GBR,Northern Europe,Europe,,,,,,,,,,,,,1991,1,8,1991,1,8,1,248,,,248,,,,
1991-0471-GBR,1991,Technological,Technological,Transport accident,Rail,,,United Kingdom of Great Britain and Northern Ireland (the),GBR,Northern Europe,Europe,Between Portsmouth and Cardiff,,,,,,,,,,,,1991,12,7,1991,12,7,,100,,,100,,,,
1991-0309-GBR,1991,Technological,Technological,Industrial accident,Fire,,,United Kingdom of Great Britain and Northern Ireland (the),GBR,Northern Europe,Europe,,,,,,,,m3,,,,,1991,8,2,1991,8,2,,,,1400,1400,,,,
1991-0004-GBR,1991,Natural,Meteorological,Storm,,,Undine,United Kingdom of Great Britain and Northern Ireland (the),GBR,Northern Europe,Europe,Wales,,,,No,,,Kph,,,,,1991,1,5,1991,1,6,48,,,,,,480000,900000,
1991-0188-GHA,1991,Natural,Hydrological,Flood,Riverine flood,,,Ghana,GHA,Western Africa,Africa,Accra,,,,,,,,,,,,,,,,,,,,,,,,,,
1991-0469-GHA,1991,Natural,Biological,Epidemic,Bacterial disease,,Cholera,Ghana,GHA,Western Africa,Africa,East Gonja,,,,,,,Vaccinated,,,,,1991,10,16,1991,10,16,20,,,,,,,,
1991-0467-GHA,1991,Technological,Technological,Transport accident,Road,,,Ghana,GHA,Western Africa,Africa,Near Akatsi,,,,No,,,,,,,,1991,12,24,1991,12,24,61,,,,,,,,
1991-0641-GHA,1991,Technological,Technological,Transport accident,Road,,,Ghana,GHA,Western Africa,Africa,Abofour,,,,,,,,,,,,1991,3,25,1991,3,25,23,,,,,,,,
1991-0034-GRC,1991,Natural,Meteorological,Extreme temperature,Cold wave,,,Greece,GRC,Southern Europe,Europe,,,,,,,-20,Â°C,,,,,1991,2,5,1991,2,5,5,,,,,,,,
1991-0037-GRC,1991,Technological,Technological,Transport accident,Air,,Herkules C-130,Greece,GRC,Southern Europe,Europe,Evia Isl.,,,,,,,,,,,,1991,2,5,1991,2,5,66,,,,,,,,
1991-0270-GRC,1991,Technological,Technological,Industrial accident,Gas leak,,,Greece,GRC,Southern Europe,Europe,Athens,,,,,,,m3,,,,,1991,6,19,1991,6,19,,,200,,200,,,,
1991-0046-GTM,1991,Natural,Geophysical,Mass movement (dry),Rockfall,,,Guatemala,GTM,Central America,Americas,Quetzaltenango province,,,,,,,,,,,,1991,1,6,1991,1,6,23,,,,,,,,
1991-0671-GTM,1991,Natural,Biological,Epidemic,Bacterial disease,,Cholera,Guatemala,GTM,Central America,Americas,,,,,,,,Vaccinated,,,,,1991,7,,1991,7,,180,,26800,,26800,,,,
1991-0557-GTM,1991,Technological,Technological,Industrial accident,Explosion,,Centrale gÃ©othermique,Guatemala,GTM,Central America,Americas,Zunil,,,,,,,m3,,,,,1991,1,5,1991,1,5,21,,,,,,,,
1991-0220-HKG,1991,Natural,Meteorological,Storm,Tropical cyclone,,Fred,Hong Kong,HKG,Eastern Asia,Asia,,,,,No,,,Kph,,,,,1991,8,15,1991,8,15,22,182,,,182,,,10000,
1991-0124-IDN,1991,Natural,Geophysical,Earthquake,Ground movement,,,Indonesia,IDN,South-Eastern Asia,Asia,Gorontalo area (Minahassa Peninsula),,,,No,,7,Richter,1.196 N,122.787 E,12:18,,1991,6,20,1991,6,20,,,1000,,1000,,,,
1991-0165-IDN,1991,Natural,Geophysical,Earthquake,Ground movement,,,Indonesia,IDN,South-Eastern Asia,Asia,Kalabahi (Alors district,,,,,,,,,,,,,,,,,,,,,,,,,,
1991-0417-IDN,1991,Natural,Geophysical,Volcanic activity,Ash fall,,Mt. Lokon,Indonesia,IDN,South-Eastern Asia,Asia,Minahasa (Tomohon district,,,,,,,,,,,,,,,,,,,,,,,,,,
1991-0512-IDN,1991,Natural,Hydrological,Flood,Riverine flood,,,Indonesia,IDN,South-Eastern Asia,Asia,Kalimatan province,,,,No,,,Km2,,,,,1991,6,6,1991,6,6,97,,,,,,,,
1991-0692-IDN,1991,Natural,Hydrological,Flood,Riverine flood,,,Indonesia,IDN,South-Eastern Asia,Asia,Riau,,,,,,,,,,,,,,,,,,,,,,,,,,
1991-0010-IDN,1991,Natural,Hydrological,Landslide,Landslide,,,Indonesia,IDN,South-Eastern Asia,Asia,Java,,,,,,,,,,,,1991,1,16,1991,1,16,33,,,,,,,,
1991-0084-IDN,1991,Natural,Biological,Epidemic,Bacterial disease,,Cholera,Indonesia,IDN,South-Eastern Asia,Asia,Aceh province (North Sumatra),,,,,,,Vaccinated,,,,,1991,3,,1991,3,,55,,6000,,6000,,,,
1991-0668-IDN,1991,Natural,Biological,Epidemic,Bacterial disease,,Cholera,Indonesia,IDN,South-Eastern Asia,Asia,,,,,,,,Vaccinated,,,,,1991,1,,1991,1,,48,,,,,,,,
1991-0672-IDN,1991,Natural,Biological,Epidemic,Bacterial disease,,Cholera,Indonesia,IDN,South-Eastern Asia,Asia,Sumatra Centrale,,,,,,,Vaccinated,,,,,1991,8,,1991,8,,35,,,,,,,,
1991-0669-IDN,1991,Natural,Biological,Epidemic,Viral disease,,Dengue fever,Indonesia,IDN,South-Eastern Asia,Asia,Java,,,,,,,Vaccinated,,,,,1991,1,15,1991,1,15,41,,,,,,,,
1991-0119-IDN,1991,Technological,Technological,Transport accident,Air,,Fokker 27,Indonesia,IDN,South-Eastern Asia,Asia,Klabat mountain (North Sulawesi),,,,,,,,,,,,1991,5,10,1991,5,10,13,,,,,,,,
1991-0363-IDN,1991,Technological,Technological,Transport accident,Air,,Lockheed C-130,Indonesia,IDN,South-Eastern Asia,Asia,Jakarta,,,,,,,,,,,,1991,10,5,1991,10,5,133,,,,,,,,
1991-0181-IDN,1991,Technological,Technological,Transport accident,Road,,,Indonesia,IDN,South-Eastern Asia,Asia,Java,,,,,,,,,,,,1991,7,19,1991,7,19,10,27,,,27,,,,
1991-0150-IDN,1991,Technological,Technological,Transport accident,Water,,,Indonesia,IDN,South-Eastern Asia,Asia,Mahalayu Lake (Central Java),,,,,,,,,,,,1991,4,19,1991,4,19,63,,,,,,,,
1991-0593-IDN,1991,Technological,Technological,Miscellaneous accident,Fire,,,Indonesia,IDN,South-Eastern Asia,Asia,Irian jaya,,,,,,,,,,,,1991,9,18,1991,9,18,38,,,,,,,,
1991-0154-IDN,1991,Natural,Biological,Epidemic,,,,Indonesia,IDN,South-Eastern Asia,Asia,Aceh province (North Sumatra),,,,,,,,,,,,,,,,,,,,,,,,,,
1991-0189-IND,1991,Natural,Hydrological,Flood,Coastal flood,,,India,IND,Southern Asia,Asia,Assam,,,,,,,,,,,,,,,,,,,,,,,,,,
1991-0338-IND,1991,Natural,Hydrological,Flood,Coastal flood,,,India,IND,Southern Asia,Asia,Assam,,,,,,,,,,,,,,,,,,,,,,,,,,
1991-0278-IND,1991,Natural,Hydrological,Flood,Riverine flood,,,India,IND,Southern Asia,Asia,Bombay,,,,,,,,,,,,,,,,,,,,,,,,,,
1991-0509-IND,1991,Natural,Hydrological,Flood,Riverine flood,,,India,IND,Southern Asia,Asia,Kerala state,Monsoon rains,,,No,,,Km2,,,,,1991,6,1,1991,7,9,99,,,,,,,118000,
1991-0766-IND,1991,Natural,Hydrological,Flood,Riverine flood,,,India,IND,Southern Asia,Asia,West Bengal state,Monsoonal rain,,,No,,91960,Km2,,,,,1991,9,14,1991,9,15,84,,4000000,,4000000,,,40000,
1991-0691-IND,1991,Natural,Biological,Epidemic,Bacterial disease,,Cholera,India,IND,Southern Asia,Asia,Nagaon,,,,,,,,,,,,,,,,,,,,,,,,,,
1991-0072-IND,1991,Technological,Technological,Transport accident,Air,,Bae (Hal) 748,India,IND,Southern Asia,Asia,Near Bangalore,,,,,,,,,,,,1991,3,25,1991,3,25,28,,,,,,,,
1991-0214-IND,1991,Technological,Technological,Transport accident,Air,,Boeing 737,India,IND,Southern Asia,Asia,Near Imphal (Manipur state),,,,,,,,,,,,1991,8,19,1991,8,19,69,,,,,,,,
1991-0222-IND,1991,Technological,Technological,Transport accident,Road,,,India,IND,Southern Asia,Asia,Jammu Kashmir,,,,,,,,,,,,1991,8,14,1991,8,14,20,32,,,32,,,,
1991-0298-IND,1991,Technological,Technological,Transport accident,Road,,,India,IND,Southern Asia,Asia,Near Chakisais (Uttar Pradesh),,,,,,,,,,,,1991,8,8,1991,8,8,20,16,,,16,,,,
1991-0369-IND,1991,Technological,Technological,Transport accident,Road,,,India,IND,Southern Asia,Asia,Near Morovi,,,,,,,,,,,,1991,10,21,1991,10,21,20,12,,,12,,,,
1991-0372-IND,1991,Technological,Technological,Transport accident,Road,,,India,IND,Southern Asia,Asia,Bihar state,,,,,,,,,,,,1991,11,7,1991,11,7,20,40,,,40,,,,
1991-0639-IND,1991,Technological,Technological,Transport accident,Road,,,India,IND,Southern Asia,Asia,Near Simla (Himachal Pradesh state),,,,,,,,,,,,1991,3,9,1991,3,9,50,,,,,,,,
1991-0652-IND,1991,Technological,Technological,Transport accident,Road,,,India,IND,Southern Asia,Asia,Near Badrinath (Uttar Pradesh state),,,,,,,,,,,,1991,7,4,1991,7,4,40,,,,,,,,
1991-0160-IND,1991,Technological,Technological,Transport accident,Water,,,India,IND,Southern Asia,Asia,Goldavari river (Andhra Pradesh),,,,,,,,,,,,1991,5,5,1991,5,5,42,,,,,,,,
1991-0366-IND,1991,Technological,Technological,Transport accident,Water,,Ferrie,India,IND,Southern Asia,Asia,West Bengal state,,,,,,,,,,,,1991,12,25,1991,12,25,71,,,,,,,,
1991-0617-IND,1991,Technological,Technological,Transport accident,Water,,,India,IND,Southern Asia,Asia,Poohroh river (Sopore district,,,,,,,,,,,,,,,,,,,,,,,,,,
1991-0718-IND,1991,Technological,Technological,Transport accident,Water,,,India,IND,Southern Asia,Asia,West Bengal,,,,,,,,,,,,1991,1,12,1991,1,12,43,,,,,,,,
1991-0371-IND,1991,Technological,Technological,Transport accident,Rail,,,India,IND,Southern Asia,Asia,Near Jwali (Kangra district,,,,,,,,,,,,,,,,,,,,,,,,,,
1991-0640-IND,1991,Technological,Technological,Transport accident,Rail,,,India,IND,Southern Asia,Asia,Near Bilaspur ( Madhya Pradesh state),,,,,,,,,,,,1991,3,19,1991,3,19,35,,,,,,,,
1991-0367-IND,1991,Technological,Technological,Industrial accident,Explosion,,Tetile plant,India,IND,Southern Asia,Asia,Gwaltior,,,,,,,m3,,,,,1991,12,3,1991,12,3,9,100,,,100,,,,
1991-0597-IND,1991,Technological,Technological,Miscellaneous accident,Explosion,,Market,India,IND,Southern Asia,Asia,Ludhiana (Himachal Pradesh),,,,,,,,,,,,1991,10,19,1991,10,19,30,,,,,,,,
1991-0659-IND,1991,Technological,Technological,Miscellaneous accident,Explosion,,Lorry,India,IND,Southern Asia,Asia,Dahanu ( Maharashtra state),,,,,,,,,,,,1991,11,22,1991,11,22,70,,,,,,,,
1991-0313-IND,1991,Technological,Technological,Industrial accident,Poisoning,,Sold and chemical susbtances,India,IND,Southern Asia,Asia,Nagpur,,,,,,,m3,,,,,1991,8,1,1991,8,1,11,,,,,,,,
1991-0365-IND,1991,Technological,Technological,Industrial accident,Poisoning,,Methyl alcohol,India,IND,Southern Asia,Asia,,,,,,,,m3,,,,,1991,12,31,1991,12,31,86,20,,,20,,,,
1991-0676-IND,1991,Technological,Technological,Industrial accident,Poisoning,,Alcool,India,IND,Southern Asia,Asia,Delhi,,,,,,,m3,,,,,1991,11,6,1991,11,6,100,,,,,,,,
1991-0582-IND,1991,Technological,Technological,Industrial accident,Fire,,Fireworks factory,India,IND,Southern Asia,Asia,Near Sattur (Tamil Nadu state),,,,,,,m3,,,,,1991,7,12,1991,7,12,37,70,,,70,,,,
1991-0604-IND,1991,Technological,Technological,Industrial accident,Fire,,Factory,India,IND,Southern Asia,Asia,Surat (Gujarat),,,,,,,m3,,,,,1991,12,15,1991,12,15,22,,,,,,,,
1991-0666-IND,1991,Technological,Technological,Miscellaneous accident,Collapse,,Building,India,IND,Southern Asia,Asia,Calcutta,,,,,,,,,,,,1991,2,28,1991,2,28,52,,,,,,,,
1991-0370-IND,1991,Technological,Technological,Miscellaneous accident,Fire,,Fireworks shop,India,IND,Southern Asia,Asia,Ludhiana (Punjab state),,,,,,,,,,,,1991,10,18,1991,10,18,40,,,,,,,,
1991-0005-IRL,1991,Natural,Meteorological,Storm,,,Undine,Ireland,IRL,Northern Europe,Europe,,,,,No,,160,Kph,,,,,1991,1,5,1991,1,7,,,,,,,,4000,
1991-0284-IRN,1991,Natural,Geophysical,Earthquake,Ground movement,,,Iran (Islamic Republic of),IRN,Southern Asia,Asia,Behbahan area,,,,No,,5,Richter,30.6 N,50.2 E,,,1991,11,4,1991,11,4,,51,1450,,1501,,,,
1991-0030-IRN,1991,Natural,Hydrological,Flood,Riverine flood,,,Iran (Islamic Republic of),IRN,Southern Asia,Asia,Sistan-Baluchistan,,,,,,,,,,,,,,,,,,,,,,,,,,
1991-0542-IRN,1991,Natural,Hydrological,Flood,Riverine flood,,,Iran (Islamic Republic of),IRN,Southern Asia,Asia,Fars province,Heavy rains,,,No,,,Km2,,,,,1991,10,3,1991,10,6,28,14,,,14,,,404000,
1991-0763-IRN,1991,Natural,Hydrological,Flood,Riverine flood,,,Iran (Islamic Republic of),IRN,Southern Asia,Asia,Khuzestan,,,,,,,,,,,,,,,,,,,,,,,,,,
1991-0635-IRN,1991,Technological,Technological,Transport accident,Road,,,Iran (Islamic Republic of),IRN,Southern Asia,Asia,Near Maschad,,,,,,,,,,,,1991,1,20,1991,1,20,26,,,,,,,,
1991-0584-IRN,1991,Technological,Technological,Miscellaneous accident,Fire,,Market,Iran (Islamic Republic of),IRN,Southern Asia,Asia,Teheran,,,,,,,,,,,,1991,7,29,1991,7,29,,,,,,,,150000,
1991-0549-IRN,1991,Natural,Meteorological,Storm,,,,Iran (Islamic Republic of),IRN,Southern Asia,Asia,Bushehr,,,,,,,,,,,,,,,,,,,,,,,,,,
1991-0232-IRQ,1991,Natural,Geophysical,Earthquake,Ground movement,,,Iraq,IRQ,Western Asia,Asia,Arbil Region,,,,No,,6,Richter,36.12 N,44.01 E,,,1991,7,27,1991,7,27,20,,,500,500,,,,
1991-0552-ISR,1991,Natural,Meteorological,Storm,,,,Israel,ISR,Western Asia,Asia,,,,,,,,Kph,,,,,1991,12,12,1991,12,12,5,,,,,,,,
1991-0759-ITA,1991,Natural,Geophysical,Volcanic activity,Ash fall,,Mt. Etna,Italy,ITA,Southern Europe,Europe,Zafferana,,,,,,,,37.734,15.004,,,1991,12,15,1991,12,15,,,7000,,7000,,,,
1991-0102-ITA,1991,Technological,Technological,Transport accident,Water,,"Ferry ""Moby Prince"" of Navarma and Oil Tanker ""AGAP Abruzzo""",Italy,ITA,Southern Europe,Europe,Ligurienne sea (Livorna),,,,No,,,,,,,,1991,4,11,1991,4,11,140,,,,,,,,
1991-0128-JAM,1991,Natural,Hydrological,Flood,Flash flood,,,Jamaica,JAM,Caribbean,Americas,Kingston,,,,,,,,,,,,,,,,,,,,,,,,,,
1991-0342-JOR,1991,Natural,Hydrological,Flood,Flash flood,,,Jordan,JOR,Western Asia,Asia,Karak,,,,,,,,,,,,,,,,,,,,,,,,,,
1991-0551-JOR,1991,Natural,Meteorological,Storm,,,,Jordan,JOR,Western Asia,Asia,,,,,,,,Kph,,,,,1991,12,12,1991,12,12,2,,,,,,,,
1991-0228-JPN,1991,Natural,Geophysical,Volcanic activity,Ash fall,,Unzen,Japan,JPN,Eastern Asia,Asia,Kyushu Island,,,,No,,,,32.75 N,130.3 E,,,1991,6,3,1991,6,8,43,20,10000,,10020,,,10000,
1991-0384-JPN,1991,Natural,Meteorological,Storm,Tropical cyclone,,Gladys,Japan,JPN,Eastern Asia,Asia,Kyushu Isl.,,,,,,100,Kph,,,,,1991,8,20,1991,8,20,11,,,,,,3000,5000,
1991-0526-JPN,1991,Natural,Meteorological,Storm,Tropical cyclone,,Caitlin,Japan,JPN,Eastern Asia,Asia,,,,,,,,Kph,,,,,1991,7,26,1991,7,26,,,,,,,,81500,
1991-0536-JPN,1991,Natural,Meteorological,Storm,Tropical cyclone,,Kinna,Japan,JPN,Eastern Asia,Asia,Nago Bay,,,,,,,,,,,,,,,,,,,,,,,,,,
1991-0537-JPN,1991,Natural,Meteorological,Storm,Tropical cyclone,,Luke,Japan,JPN,Eastern Asia,Asia,Chiba prefecture,,,,,,,Kph,,,,,1991,9,19,1991,9,19,18,,,,,,54000,,
1991-0539-JPN,1991,Natural,Meteorological,Storm,Tropical cyclone,,Mireille (nÂ°19),Japan,JPN,Eastern Asia,Asia,Hiroshima,,,,,,,,,,,,,,,,,,,,,,,,,,
1991-0611-JPN,1991,Technological,Technological,Transport accident,Water,,"Cargo ""Idobaruna Ii""",Japan,JPN,Eastern Asia,Asia,South of Shizuoka,,,,,,,,,,,,1991,2,16,1991,2,16,23,,,,,,,,
1991-0244-JPN,1991,Technological,Technological,Transport accident,Rail,,,Japan,JPN,Eastern Asia,Asia,Shigaraki (Near Kyoto),,,,,,,,,,,,1991,5,14,1991,5,14,42,400,,,400,,,,
1991-0266-JPN,1991,Technological,Technological,Transport accident,Rail,,,Japan,JPN,Eastern Asia,Asia,Fukuchiama,,,,,,,,,,,,1991,6,25,1991,6,25,,300,,,300,,,,
1991-0018-JPN,1991,Technological,Technological,Industrial accident,Radiation,,Radioactiv gaz,Japan,JPN,Eastern Asia,Asia,Mihama,,,,,,,,,,,,,,,,,,,,,,,,,,
1991-0073-JPN,1991,Technological,Technological,Miscellaneous accident,Collapse,,Monorail,Japan,JPN,Eastern Asia,Asia,,,,,,,,,,,,,1991,3,14,1991,3,14,14,9,,,9,,,,
1991-0420-KEN,1991,Natural,Biological,Epidemic,Bacterial disease,,,Kenya,KEN,Eastern Africa,Africa,West Pokot district,,,,,,,Vaccinated,,,,,1991,10,,1991,10,,26,,200,,200,,,,
1991-0633-KEN,1991,Technological,Technological,Transport accident,Road,,,Kenya,KEN,Eastern Africa,Africa,Machakos district,,,,,,,,,,,,1991,1,3,1991,1,3,24,,,,,,,,
1991-0634-KEN,1991,Technological,Technological,Transport accident,Road,,,Kenya,KEN,Eastern Africa,Africa,Murunga district,,,,No,,,,,,,,1991,1,4,1991,1,4,46,40,,,40,,,,
1991-0642-KEN,1991,Technological,Technological,Transport accident,Road,,,Kenya,KEN,Eastern Africa,Africa,Lamu isl.,,,,,,,,,,,,1991,4,3,1991,4,3,20,,,,,,,,
1991-0661-KEN,1991,Technological,Technological,Transport accident,Road,,,Kenya,KEN,Eastern Africa,Africa,Near Nairobi,,,,,,,,,,,,1991,12,24,1991,12,24,30,,,,,,,,
1991-0201-KEN,1991,Technological,Technological,Transport accident,Water,,"Automoteur ""Christiana Hama""",Kenya,KEN,Eastern Africa,Africa,Indian Ocean,,,,,,,,,,,,,,,,,,,,,,,,,,
1991-9224-KEN,1991,Natural,Climatological,Drought,Drought,,,Kenya,KEN,Eastern Africa,Africa,Northeastern regions,,,,No,,,Km2,,,,,1991,,,1992,,,,,2700000,,2700000,,,,
1991-0211-KHM,1991,Natural,Hydrological,Flood,Riverine flood,,,Cambodia,KHM,South-Eastern Asia,Asia,Kampong Cham,,,,,,,,,,,,,,,,,,,,,,,,,,
1991-0385-KOR,1991,Natural,Meteorological,Storm,Tropical cyclone,,Gladys,Korea (the Republic of),KOR,Eastern Asia,Asia,Southern provinces,,,,,,90,Kph,,,,,1991,8,23,1991,8,23,72,,20750,,20750,,50000,310000,
1991-0255-KOR,1991,Technological,Technological,Transport accident,Road,,,Korea (the Republic of),KOR,Eastern Asia,Asia,Pusan,,,,,,,,,,,,1991,6,26,1991,6,26,10,40,,,40,,,,
1991-0656-KOR,1991,Technological,Technological,Transport accident,Road,,,Korea (the Republic of),KOR,Eastern Asia,Asia,Near Inje,,,,,,,,,,,,1991,11,2,1991,11,2,20,,,,,,,,
1991-0615-KOR,1991,Technological,Technological,Transport accident,Water,,"Automoteurs ""Chia Wei"" et ""Jesky Ace""",Korea (the Republic of),KOR,Eastern Asia,Asia,Mer Jaune,,,,,,,,,,,,1991,6,28,1991,6,28,32,,,,,,,,
1991-0460-KOR,1991,Technological,Technological,Industrial accident,Explosion,,,Korea (the Republic of),KOR,Eastern Asia,Asia,Pyonggang,,,,,,,m3,,,,,1991,10,30,1991,10,30,120,,,,,,,,
1991-0564-KOR,1991,Technological,Technological,Industrial accident,Explosion,,Oil Rafinery,Korea (the Republic of),KOR,Eastern Asia,Asia,Daesan,,,,,,,m3,,,,,1991,2,14,1991,2,14,,,,,,,,48600,
1991-0761-LAO,1991,Natural,Hydrological,Flood,Riverine flood,,,Lao People's Democratic Republic (the),LAO,South-Eastern Asia,Asia,Khammouane,,,,,,,,,,,,,,,,,,,,,,,,,,
1991-9195-LAO,1991,Natural,Climatological,Drought,Drought,,,Lao People's Democratic Republic (the),LAO,South-Eastern Asia,Asia,Whole country,,,,,,132,Km2,,,,,1991,7,,1993,,,,,,,,,,1000,
1991-0701-LAO,1991,Natural,Meteorological,Storm,,,,Lao People's Democratic Republic (the),LAO,South-Eastern Asia,Asia,Whole country,,,,,,,Kph,,,,,1991,,,1991,,,,,38315,,38315,,,150,
1991-0321-LKA,1991,Natural,Hydrological,Flood,Riverine flood,,,Sri Lanka,LKA,Southern Asia,Asia,Galle,,,,,,,,,,,,,,,,,,,,,,,,,,
1991-0645-LKA,1991,Technological,Technological,Transport accident,Road,,,Sri Lanka,LKA,Southern Asia,Asia,Badulla,,,,,,,,,,,,1991,4,24,1991,4,24,20,,,,,,,,
1991-0099-MAR,1991,Technological,Technological,Transport accident,Road,,,Morocco,MAR,Northern Africa,Africa,Near Tanger,,,,,,,,,,,,1991,3,24,1991,3,24,44,18,,,18,,,,
1991-0344-MDG,1991,Natural,Meteorological,Storm,Tropical cyclone,,Cynthia,Madagascar,MDG,Eastern Africa,Africa,Mahajanga,,,,,,,,,,,,,,,,,,,,,,,,,,
1991-0038-MDG,1991,Technological,Technological,Transport accident,Water,,Merchant ship,Madagascar,MDG,Eastern Africa,Africa,,,,,,,,,,,,,1991,2,6,1991,2,6,36,,,,,,,,
1991-0131-MDV,1991,Natural,Meteorological,Storm,Convective storm,Severe storm,,Maldives,MDV,Southern Asia,Asia,,,,,No,,144,Kph,,,,,1991,5,27,1991,6,9,,,,23849,23849,,,30000,
1991-0179-MEX,1991,Natural,Biological,Epidemic,Bacterial disease,,Cholera,Mexico,MEX,Central America,Americas,Tabasco,,,,,,,,,,,,,,,,,,,,,,,,,,
1991-0061-MEX,1991,Technological,Technological,Transport accident,Road,,,Mexico,MEX,Central America,Americas,Central Mexico,,,,,,,,,,,,1991,3,4,1991,3,4,18,50,,,50,,,,
1991-0231-MEX,1991,Technological,Technological,Transport accident,Rail,,,Mexico,MEX,Central America,Americas,San Joaquim (Guam Ajuato State),,,,,,,,,,,,1991,9,2,1991,9,2,11,6,,,6,,,,
1991-0402-MEX,1991,Technological,Technological,Transport accident,Rail,,,Mexico,MEX,Central America,Americas,Tehuacan,,,,,,,,,,,,1991,11,19,1991,11,19,75,24,,,24,,,,
1991-0051-MEX,1991,Technological,Technological,Industrial accident,Explosion,,Petrochimicals,Mexico,MEX,Central America,Americas,Coatzacoalas,,,,,,,m3,,,,,1991,3,11,1991,3,11,2,122,,,122,,,150000,
1991-0156-MEX,1991,Technological,Technological,Industrial accident,Explosion,,Chemical plant,Mexico,MEX,Central America,Americas,Cordoba (Veracruz State),,,,,,,m3,,,,,1991,5,6,1991,5,6,,300,500,1600,2400,,,,
1991-0054-MEX,1991,Technological,Technological,Industrial accident,Chemical spill,,Hydrochloric,Mexico,MEX,Central America,Americas,Mexico city,,,,,,,m3,,,,,1991,5,21,1991,5,21,,200,,,200,,,,
1991-0430-MEX,1991,Technological,Technological,Industrial accident,Chemical spill,,Liquid ammonia,Mexico,MEX,Central America,Americas,Guadalajara,,,,,,,m3,,,,,1991,7,22,1991,7,22,,,30000,,30000,,,,
1991-0024-MEX,1991,Technological,Technological,Industrial accident,Other,,,Mexico,MEX,Central America,Americas,,,,,,,,m3,,,,,1991,2,2,1991,2,2,,,,,,,,,
1991-0044-MEX,1991,Technological,Technological,Miscellaneous accident,Other,,,Mexico,MEX,Central America,Americas,Chalma,,,,,,,,,,,,1991,2,13,1991,2,13,42,25,,,25,,,,
1991-0401-MEX,1991,Technological,Technological,Miscellaneous accident,Other,,Church,Mexico,MEX,Central America,Americas,San Luis Pontosi,,,,,,,,,,,,1991,12,29,1991,12,29,30,,,,,,,,
1991-0331-MEX,1991,Technological,Technological,Miscellaneous accident,Fire,,Office building,Mexico,MEX,Central America,Americas,Central Mexico,,,,,,,,,,,,1991,5,30,1991,5,30,17,72,,,72,,,,
1991-0403-MEX,1991,Natural,Meteorological,Storm,,,,Mexico,MEX,Central America,Americas,Chihuahua,,,,,,,,,,,,,,,,,,,,,,,,,,
1991-0452-MEX,1991,Natural,Hydrological,Flood,,,,Mexico,MEX,Central America,Americas,Sinalda province,,,,,,,Km2,,,,,1991,1,4,1991,1,4,,,,22000,22000,,,2000,
1991-0456-MHL,1991,Natural,Meteorological,Storm,Tropical cyclone,,Zelda,Marshall Islands (the),MHL,Micronesia,Oceania,,,,,,,,Kph,,,,,1991,11,28,1991,11,28,,,,6000,6000,,,,
1991-0626-MLI,1991,Technological,Technological,Transport accident,Water,,Pirogue,Mali,MLI,Western Africa,Africa,Near Segou,,,,,,,,,,,,1991,10,18,1991,10,18,52,,,,,,,,
1991-9346-MLI,1991,Natural,Climatological,Drought,Drought,,,Mali,MLI,Western Africa,Africa,,,,,,,,Km2,,,,,1991,3,,1991,,,,,302000,,302000,,,,
1991-0609-MLT,1991,Technological,Technological,Transport accident,Water,,"Vraquier ""Continental Lotus""",Malta,MLT,Southern Europe,Europe,Atlantique,,,,,,,,,,,,,,,,,,,,,,,,,,
1991-0001-MMR,1991,Natural,Geophysical,Earthquake,Ground movement,,,Myanmar,MMR,South-Eastern Asia,Asia,Thabeikkyin area,,,,No,,7,Richter,23.5 N,96.3 E,,,1991,1,5,1991,1,5,,,160,,160,,,,
1991-0168-MMR,1991,Natural,Hydrological,Flood,Riverine flood,,,Myanmar,MMR,South-Eastern Asia,Asia,Sagaing,,,,,,,,,,,,,,,,,,,,,,,,,,
1991-0360-MMR,1991,Technological,Technological,Industrial accident,Poisoning,,Methanol,Myanmar,MMR,South-Eastern Asia,Asia,Okkapala district,,,,,,,m3,,,,,1991,6,12,1991,6,12,28,123,,,123,,,,
1991-0572-MMR,1991,Technological,Technological,Industrial accident,Fire,,Entrepot,Myanmar,MMR,South-Eastern Asia,Asia,Bassein,,,,,,,m3,,,,,1991,3,30,1991,3,30,20,,,,,,,,
1991-0106-MMR,1991,Technological,Technological,Miscellaneous accident,Fire,,,Myanmar,MMR,South-Eastern Asia,Asia,Mandalay division,,,,,,,,,,,,,,,,,,,,,,,,,,
1991-0347-MNG,1991,Natural,Meteorological,Storm,Convective storm,Severe storm,,Mongolia,MNG,Eastern Asia,Asia,Uburkhangai,,,,,,,,,,,,,,,,,,,,,,,,,,
1991-0058-MOZ,1991,Technological,Technological,Transport accident,Rail,,,Mozambique,MOZ,Eastern Africa,Africa,Nacala (Nampula province),,,,,,,,,,,,1991,3,5,1991,3,5,109,100,,,100,,,,
1991-0762-MRT,1991,Natural,Meteorological,Storm,,,,Mauritania,MRT,Western Africa,Africa,Nouakchott,,,,,,,,,,,,,,,,,,,,,,,,,,
1991-0125-MUS,1991,Natural,Meteorological,Storm,Tropical cyclone,,Bella,Mauritius,MUS,Eastern Africa,Africa,Rodrigues Isl.,,,,,,210,Kph,,,,,1991,1,25,1991,1,25,,,6000,1500,7500,,,,
1991-0771-MYS,1991,Natural,Biological,Epidemic,Viral disease,,Dengue fever,Malaysia,MYS,South-Eastern Asia,Asia,Kuala Lumpur + other areas,,,,,,,Vaccinated,,,,,1991,,,1991,,,263,,3750,,3750,,,,
1991-0772-MYS,1991,Technological,Technological,Transport accident,Water,,,Malaysia,MYS,South-Eastern Asia,Asia,Near Batu Pahat,,,,,,,,,,,,1991,6,26,1991,6,26,120,,,,,,,,
1991-0345-MYS,1991,Technological,Technological,Industrial accident,Explosion,,Fireworks factory,Malaysia,MYS,South-Eastern Asia,Asia,Sungei (Near Kuala Lumpur),,,,,,,m3,,,,,1991,5,7,1991,5,7,56,61,,,61,,,,
1991-0638-NAM,1991,Technological,Technological,Transport accident,Road,,,Namibia,NAM,Southern Africa,Africa,Near Tsumeb,,,,,,,,,,,,1991,3,1,1991,3,1,20,,,,,,,,
1991-0187-NER,1991,Natural,Biological,Epidemic,Bacterial disease,,Cholera,Niger (the),NER,Western Africa,Africa,Diffa,,,,,,,,,,,,,,,,,,,,,,,,,,
1991-0092-NER,1991,Natural,Biological,Epidemic,Viral disease,,,Niger (the),NER,Western Africa,Africa,Dosso,,,,,,,,,,,,,,,,,,,,,,,,,,
1991-0153-NGA,1991,Natural,Biological,Epidemic,Bacterial disease,,Cholera,Nigeria,NGA,Western Africa,Africa,Bauchi State,,,,,,,,,,,,,,,,,,,,,,,,,,
1991-0348-NGA,1991,Natural,Biological,Epidemic,Viral disease,,Yellow fever,Nigeria,NGA,Western Africa,Africa,Ika Area (Bendel State),,,,,,,Vaccinated,,,,,1991,4,,1991,4,,400,,1200,,1200,,,,
1991-0196-NGA,1991,Technological,Technological,Transport accident,Road,,,Nigeria,NGA,Western Africa,Africa,Okene,,,,,,,,,,,,1991,7,3,1991,7,3,52,,,,,,,,
1991-0413-NGA,1991,Technological,Technological,Transport accident,Road,,,Nigeria,NGA,Western Africa,Africa,Akwa-Ibom,,,,No,,,,,,,,1991,12,22,1991,12,22,42,,,,,,,,
1991-0414-NGA,1991,Technological,Technological,Transport accident,Water,,Boat,Nigeria,NGA,Western Africa,Africa,Lagos Canal,,,,,,,,,,,,1991,10,28,1991,10,28,30,,,,,,,,
1991-0080-NGA,1991,Technological,Technological,Industrial accident,Fire,,Tanker,Nigeria,NGA,Western Africa,Africa,Gongola State,,,,,,,m3,,,,,1991,4,7,1991,4,7,14,33,,,33,,,,
1991-0479-NIC,1991,Natural,Climatological,Wildfire,Forest fire,,,Nicaragua,NIC,Central America,Americas,North-West,,,,No,,500,Km2,,,,,1991,1,15,1991,3,12,,,,,,,,80000,
1991-0695-NIC,1991,Natural,Biological,Epidemic,Bacterial disease,,Cholera,Nicaragua,NIC,Central America,Americas,,,,,,,,Vaccinated,,,,,1991,1,1,1991,1,1,2,,381,,381,,,,
1991-0603-NLD,1991,Technological,Technological,Industrial accident,Explosion,,Petrochimical factory,Netherlands (the),NLD,Western Europe,Europe,Rotterdam,,,,,,,m3,,,,,1991,12,13,1991,12,13,6,,,,,,,38000,
1991-0252-NPL,1991,Technological,Technological,Transport accident,Road,,,Nepal,NPL,Southern Asia,Asia,Kathmandu,,,,,,,,,,,,1991,5,21,1991,5,21,20,35,,,35,,,,
1991-0705-NPL,1991,Technological,Technological,Miscellaneous accident,Fire,,,Nepal,NPL,Southern Asia,Asia,,,,,,,,,,,,,1991,3,,1991,3,,41,44,233,,277,,,260,
1991-0670-NPL,1991,Natural,Biological,Epidemic,,,Gastroenteritis,Nepal,NPL,Southern Asia,Asia,Katmandu valley,,,,,,,Vaccinated,,,,,1991,6,15,1991,6,15,1334,,45341,,45341,,,,
1991-0703-NPL,1991,Natural,Hydrological,Flood,,,,Nepal,NPL,Southern Asia,Asia,,,,,,,,Km2,,,,,1991,3,,1991,3,,51,32,450,,482,,,,
1991-0704-NPL,1991,Natural,Meteorological,Storm,,,,Nepal,NPL,Southern Asia,Asia,,,,,,,,Kph,,,,,1991,3,,1991,3,,6,,165,,165,,,,
1991-0685-NZL,1991,Natural,Hydrological,Flood,,,,New Zealand,NZL,Australia and New Zealand,Oceania,Kaniere,,,,,,,,,,,,,,,,,,,,,,,,,,
1991-0686-NZL,1991,Natural,Hydrological,Flood,,,,New Zealand,NZL,Australia and New Zealand,Oceania,Pounawea,,,,,,,,,,,,,,,,,,,,,,,,,,
1991-0687-NZL,1991,Natural,Hydrological,Flood,,,,New Zealand,NZL,Australia and New Zealand,Oceania,Franz Josef (Westland,,,,,,,,,,,,,,,,,,,,,,,,,,
1991-0033-PAK,1991,Natural,Geophysical,Earthquake,Ground movement,,,Pakistan,PAK,Southern Asia,Asia,Malakand,,,,,,,,,,,,,,,,,,,,,,,,,,
1991-0770-PAK,1991,Natural,Hydrological,Flood,Riverine flood,,,Pakistan,PAK,Southern Asia,Asia,Balochistan,,,,,,,Km2,,,,,1991,2,,1991,2,,24,,,,,,,,
1991-0027-PAK,1991,Natural,Hydrological,Landslide,Avalanche,,,Pakistan,PAK,Southern Asia,Asia,Kashmir,,,,,,,,,,,,1991,2,6,1991,2,6,25,,,,,,,,
1991-0279-PAK,1991,Natural,Meteorological,Extreme temperature,Heat wave,,,Pakistan,PAK,Southern Asia,Asia,Jacobabab,,,,,,,,,,,,,,,,,,,,,,,,,,
1991-0157-PAK,1991,Technological,Technological,Transport accident,Road,,,Pakistan,PAK,Southern Asia,Asia,Muzzafarabad,,,,,,,,,,,,1991,5,9,1991,5,9,70,10,,,10,,,,
1991-0376-PAK,1991,Technological,Technological,Transport accident,Road,,,Pakistan,PAK,Southern Asia,Asia,Northwest,,,,,,,,,,,,1991,9,16,1991,9,16,14,8,,,8,,,,
1991-0646-PAK,1991,Technological,Technological,Transport accident,Road,,,Pakistan,PAK,Southern Asia,Asia,Near Kanpu,,,,,,,,,,,,1991,5,2,1991,5,2,21,,,,,,,,
1991-0647-PAK,1991,Technological,Technological,Transport accident,Road,,,Pakistan,PAK,Southern Asia,Asia,Near Mehr,,,,,,,,,,,,1991,5,9,1991,5,9,20,,,,,,,,
1991-0274-PAK,1991,Technological,Technological,Transport accident,Water,,,Pakistan,PAK,Southern Asia,Asia,,,,,,,,,,,,,1991,6,13,1991,6,13,40,,,,,,,,
1991-0375-PAK,1991,Technological,Technological,Transport accident,Water,,,Pakistan,PAK,Southern Asia,Asia,Near Karachi,,,,,,,,,,,,1991,12,24,1991,12,24,28,,,,,,,,
1991-0625-PAK,1991,Technological,Technological,Transport accident,Water,,,Pakistan,PAK,Southern Asia,Asia,Near Dera Ismail (Khan),,,,,,,,,,,,1991,10,10,1991,10,10,67,,,,,,,,
1991-0280-PAK,1991,Technological,Technological,Transport accident,Rail,,,Pakistan,PAK,Southern Asia,Asia,Ghotki,,,,,,,,,,,,1991,6,8,1991,6,8,100,250,,,250,,,,
1991-0449-PAK,1991,Technological,Technological,Industrial accident,Explosion,,,Pakistan,PAK,Southern Asia,Asia,Nowshera,,,,,,,m3,,,,,1991,5,31,1991,5,31,18,70,,,70,,,,
1991-0773-PAN,1991,Natural,Geophysical,Earthquake,Ground movement,,,Panama,PAN,Central America,Americas,Changuinola,,,,,,,,,,,,,,,,,,,,,,,,,,
1991-0405-PAN,1991,Natural,Biological,Epidemic,Bacterial disease,,Cholera,Panama,PAN,Central America,Americas,Darien province,,,,,,,Vaccinated,,,,,1991,9,13,1991,9,13,43,,2057,,2057,,,,
1991-0066-PER,1991,Natural,Geophysical,Earthquake,Ground movement,,,Peru,PER,South America,Americas,Nueva Cajamarea (Near Mayobamba,,,,,,,,,,,,,,,,,,,,,,,,,,
1991-0276-PER,1991,Natural,Meteorological,Extreme temperature,Cold wave,,,Peru,PER,South America,Americas,Andes,,,,,,-8,Â°C,,,,,1991,6,14,1991,6,14,25,,,,,,,,
1991-0035-PER,1991,Natural,Biological,Epidemic,Bacterial disease,,Cholera,Peru,PER,South America,Americas,La Libertad,,,,,,,,,,,,,,,,,,,,,,,,,,
1991-0158-PER,1991,Technological,Technological,Transport accident,Water,,"Ferry ""La Chachita""",Peru,PER,South America,Americas,Maranon river (Near Zoraguro),,,,,,,,,,,,1991,5,7,1991,5,7,150,20,,,20,,,,
1991-0610-PER,1991,Technological,Technological,Transport accident,Water,,"Boat ""Amelia Ii""",Peru,PER,South America,Americas,Ucayali river,,,,,,,,,,,,1991,2,14,1991,2,14,49,,,,,,,,
1991-0392-PER,1991,Technological,Technological,Industrial accident,Fire,,Fireworks factory,Peru,PER,South America,Americas,Lima,,,,,,,m3,,,,,1991,12,4,1991,12,4,12,30,,,30,,,2000,
1991-0217-PER,1991,Natural,Biological,Epidemic,,,,Peru,PER,South America,Americas,,,,,,,,Vaccinated,,,,,1991,8,18,1991,8,18,8000,,,,,,,,
1991-0079-PHL,1991,Natural,Geophysical,Volcanic activity,Ash fall,,Poon Bato,Philippines (the),PHL,South-Eastern Asia,Asia,Zambales province,,,,No,,,,,,,,1991,4,5,1991,4,5,,,,2000,2000,,,,
1991-0087-PHL,1991,Natural,Geophysical,Volcanic activity,Ash fall,,Taal,Philippines (the),PHL,South-Eastern Asia,Asia,Balangas province,,,,No,,,,14 N,121 E,,,1991,4,,1991,4,,,,,3800,3800,,,,
1991-0379-PHL,1991,Natural,Hydrological,Flood,Coastal flood,,,Philippines (the),PHL,South-Eastern Asia,Asia,Near Leyte (Samar Isl.),,,,,,,Km2,,,,,1991,11,11,1991,11,11,10,,,,,,,,
1991-0708-PHL,1991,Natural,Hydrological,Flood,Flash flood,,,Philippines (the),PHL,South-Eastern Asia,Asia,Tangag (Surigao del Sur),,,,,,,Km2,,,,,1991,3,,1991,3,,10,,,823,823,,,1300,
1991-0174-PHL,1991,Natural,Meteorological,Storm,Tropical cyclone,,Brendan,Philippines (the),PHL,South-Eastern Asia,Asia,Near Tuguegaro (Pinatubo region),,,,,,100,Kph,,,,,1991,7,22,1991,7,22,2,,,10000,10000,,,,
1991-0382-PHL,1991,Natural,Meteorological,Storm,Tropical cyclone,,Ruth (Trining),Philippines (the),PHL,South-Eastern Asia,Asia,Luzon Isl.,,,,Yes,,260,Kph,,,,,1991,10,27,1991,10,27,65,38,300000,16000,316038,,19900,90000,
1991-0517-PHL,1991,Natural,Meteorological,Storm,Tropical cyclone,,Zeke (Etang),Philippines (the),PHL,South-Eastern Asia,Asia,Catanduanes,,,,,,,,,,,,,,,,,,,,,,,,,,
1991-0521-PHL,1991,Natural,Meteorological,Storm,Tropical cyclone,,Amy,Philippines (the),PHL,South-Eastern Asia,Asia,Pampanga,,,,,,,,,,,,,,,,,,,,,,,,,,
1991-0525-PHL,1991,Natural,Meteorological,Storm,Tropical cyclone,,Caitlin,Philippines (the),PHL,South-Eastern Asia,Asia,Concepcion,,,,,,,,,,,,,,,,,,,,,,,,,,
1991-0081-PHL,1991,Technological,Technological,Transport accident,Road,,,Philippines (the),PHL,South-Eastern Asia,Asia,Pagbileo,,,,,,,,,,,,1991,4,8,1991,4,8,12,53,,,53,,,,
1991-0197-PHL,1991,Technological,Technological,Transport accident,Road,,,Philippines (the),PHL,South-Eastern Asia,Asia,,,,,,,,,,,,,1991,7,12,1991,7,12,14,8,,,8,,,,
1991-0325-PHL,1991,Technological,Technological,Transport accident,Water,,,Philippines (the),PHL,South-Eastern Asia,Asia,Cagayan de Oro,,,,,,,,,,,,,,,,,,,,,,,,,,
1991-0052-PHL,1991,Technological,Technological,Industrial accident,Fire,,Factory,Philippines (the),PHL,South-Eastern Asia,Asia,Manilla,,,,,,,m3,,,,,1991,3,14,1991,3,14,13,9,,,9,,,,
1991-0568-PHL,1991,Technological,Technological,Industrial accident,Fire,,Textile factory,Philippines (the),PHL,South-Eastern Asia,Asia,Manilla,,,,,,,m3,,,,,1991,2,28,1991,2,28,20,,,,,,,,
1991-0059-PNG,1991,Natural,Hydrological,Landslide,Landslide,,,Papua New Guinea,PNG,Melanesia,Oceania,Chimbu province,Heavy rains,,,No,,,,,,,,1991,2,24,1991,2,24,200,,,5000,5000,,,,
1991-0002-POL,1991,Technological,Technological,Transport accident,Water,,Helicopter,Poland,POL,Eastern Europe,Europe,Bieszczady Mountains (Southeast),,,,,,,,,,,,1991,1,10,1991,1,10,10,,,,,,,,
1991-0598-PRK,1991,Technological,Technological,Industrial accident,Explosion,,,Korea (the Democratic People's Republic of),PRK,Eastern Asia,Asia,Near Pyonggang,,,,,,,m3,,,,,1991,10,30,1991,10,30,110,,,,,,,,
1991-0723-PRT,1991,Natural,Climatological,Wildfire,Forest fire,,,Portugal,PRT,Southern Europe,Europe,,,,,No,,1824,Km2,,,,,1991,,,1991,,,,,,,,,,,
1991-0628-PRT,1991,Technological,Technological,Transport accident,Water,,"Chalutier ""Bolama""",Portugal,PRT,Southern Europe,Europe,Near Lisbon,,,,,,,,,,,,1991,12,4,1991,12,4,26,,,,,,,,
1991-0622-REU,1991,Technological,Technological,Transport accident,Water,,"Vraquier ""Melete""",RÃ©union,REU,Eastern Africa,Africa,Indian ocean,,,,,,,,,,,,1991,8,24,1991,8,24,25,,,,,,,,
1991-0624-REU,1991,Technological,Technological,Transport accident,Water,,,RÃ©union,REU,Eastern Africa,Africa,Indian Ocean,,,,,,,,,,,,1991,9,18,1991,9,18,20,,,,,,,,
1991-0399-ROU,1991,Natural,Geophysical,Earthquake,Ground movement,,,Romania,ROU,Eastern Europe,Europe,Vouteg (Timis province),,,,No,,6,Richter,45.5 N,21.3 E,,,1991,12,2,1991,12,2,,5,,4000,4005,,,,
1991-0117-SUN,1991,Natural,Geophysical,Earthquake,Ground movement,,,Soviet Union,SUN,Russian Federation,Europe,Kutaisi,,,,,,,,,,,,,,,,,,,,,,,,,,
1991-0485-USA,1991,Natural,Meteorological,Storm,Convective storm,Severe storm,,United States of America (the),USA,Northern America,Americas,Californie,,,,,,,,,,,,,,,,,,,,,,,,,,
1991-0484-USA,1991,Natural,Meteorological,Storm,Convective storm,Severe storm,,United States of America (the),USA,Northern America,Americas,Texas,,,,,,,,,,,,,,,,,,,,,,,,,,
1991-0486-USA,1991,Natural,Meteorological,Storm,Convective storm,Severe storm,,United States of America (the),USA,Northern America,Americas,Louisiane,,,,,,,,,,,,,,,,,,,,,,,,,,
1991-0307-SUN,1991,Natural,Meteorological,Storm,Convective storm,Tornado,,Soviet Union,SUN,Russian Federation,Europe,Sochi-Tuapse,,,,,,,,,,,,,,,,,,,,,,,,,,
