submissionID,studyCountry,studyCity,studyLon,studyLat,birthCountry,birthCity,birthLat,birthLon,transitCountry1,transitLat1,transitLon1,transitCountry2,transitLat2,transitLon2,transitCountry3,transitLat3,transitLon3,countryID,weight
SInt-ULEI-IA-035-COD,DR Congo,Sud-Kivu,-3.10474,28.1159,DR Congo,Sud-Kivu,-3.10474,28.1159,,,,,,,,,,2,285
SInt-YU-RA-001-JOR,Jordan,Irbid,32.5559,35.8195,Syria,Dar`a,32.8686,36.1698,,,,,,,,,,4,122
SInt-AAU-Asm-001-ET,Ethiopia,Tigray,14.1003,38.2158,Eritrea,Maekel,14.858,38.9679,,,,,,,,,,3,103
SInt-YU-AGS-001-JOR,Jordan,Mafraq,32.2481,37.6195,Syria,Dar`a,32.8686,36.1698,,,,,,,,,,4,52
SInt-AAU-AHA-002-ET,Ethiopia,Afar,12.1232,41.0236,Eritrea,Semenawi Keyih Bahri,16.6263,37.9175,,,,,,,,,,3,51
SInt-AUTH-MN-001-GRC,Greece,Attiki,38.0626,23.7997,Syria,Dayr Az Zawr,35.0736,40.275,Turkey,32.38075029,39.52890223,,,,,,,4,51
SInt-AAU-Bhy-002-ET,Ethiopia,Addis Ababa,8.966,38.7815,Eritrea,Anseba,15.2792,39.0563,,,,,,,,,,3,49
SInt-AAU-AHA-029-ET,Ethiopia,Afar,12.1232,41.0236,Eritrea,Maekel,14.858,38.9679,,,,,,,,,,3,49
SInt-YU-AGS-019-JOR,Jordan,Mafraq,32.2481,37.6195,Syria,Homs (Hims),34.1503,38.1425,,,,,,,,,,4,45
SInt-AUTH-MI-301-GRC,Greece,Attiki,38.0626,23.7997,Pakistan,Punjab,31.3589,72.3449,Iran,51.71888023,33.94539376,Turkey,32.38075029,39.52890223,,,,5,45
SInt-AAU-Bhy-010-ET,Ethiopia,Addis Ababa,8.966,38.7815,Eritrea,Maekel,14.858,38.9679,,,,,,,,,,3,43
SInt-YU-KM-001-JOR,Jordan,Ajlun,32.2932,35.761,Syria,Dar`a,32.8686,36.1698,,,,,,,,,,4,35
SInt-AUTH-ST-005-GRC,Greece,Attiki,38.0626,23.7997,DR Congo,Kinshasa City,-4.49522,15.8492,Turkey,32.38075029,39.52890223,,,,,,,2,24
SInt-AUTH-MN-011-GRC,Greece,Attiki,38.0626,23.7997,Syria,Aleppo,36.1054,37.601,Turkey,32.38075029,39.52890223,,,,,,,4,24
SInt-FIERI-YSH-101-ITA,Italy,Roma,41.965,12.7308,Eritrea,Maekel,14.858,38.9679,Sudan,31.34054813,15.54952248,Libya,17.36281363,28.84775861,,,,3,22
SInt-FIERI-YSH-106-ITA,Italy,Roma,41.965,12.7308,Eritrea,Maekel,14.858,38.9679,Ethiopia,39.58541543,9.425119357,Sudan,31.34054813,15.54952248,Libya,17.36281363,28.84775861,3,21
SInt-SHARP-AI-005-PAK,Pakistan,F.C.T.,33.7011,73.0628,Afghanistan,Kunduz,36.9043,68.682,,,,,,,,,,1,20
SInt-SHARP-AI-017-PAK,Pakistan,N.W.F.P.,34.9407,72.6402,Pakistan,Baluchistan,27.5194,65.5512,,,,,,,,,,5,20
SInt-SHARP-AI-012-PAK,Pakistan,N.W.F.P.,34.9407,72.6402,Afghanistan,Ghazni,33.4079,67.8006,,,,,,,,,,1,19
SInt-SHARP-AI-011-PAK,Pakistan,N.W.F.P.,34.9407,72.6402,Afghanistan,Kabul,34.4949,69.3846,,,,,,,,,,1,18
SInt-SHARP-AI-031-PAK,Pakistan,Punjab,31.3589,72.3449,Afghanistan,Nangarhar,34.2153,70.3027,,,,,,,,,,1,18
SInt-SHARP-AI-223-PAK,Pakistan,F.C.T.,33.7011,73.0628,Afghanistan,Sari Pul,35.7062,66.2158,,,,,,,,,,1,17
SInt-SHARP-AI-034-PAK,Pakistan,Punjab,31.3589,72.3449,Afghanistan,Kunduz,36.9043,68.682,,,,,,,,,,1,17
SInt-FIERI-GG-027-ITA,Italy,Turin,45.1609,7.47211,Nigeria,Edo,6.52416,5.84934,Niger,7.936533064,15.71454308,Libya,17.36281363,28.84775861,,,,99,17
SInt-SHARP-AI-172-PAK,Pakistan,Sind,26.3734,68.8685,Afghanistan,Baghlan,35.8588,68.9831,,,,,,,,,,1,16
SInt-SHARP-AI-171-PAK,Pakistan,Sind,26.3734,68.8685,Afghanistan,Kunduz,36.9043,68.682,,,,,,,,,,1,15
SInt-AAU-Awe-006-ET,Ethiopia,Tigray,14.1003,38.2158,Eritrea,Gash Barka,15.0297,37.6058,,,,,,,,,,3,14
SInt-YU-RH-002-JOR,Jordan,Mafraq,32.2481,37.6195,Syria,Aleppo,36.1054,37.601,,,,,,,,,,4,13
SInt-SHARP-AI-293-PAK,Pakistan,Punjab,31.3589,72.3449,Afghanistan,Sari Pul,35.7062,66.2158,,,,,,,,,,1,12
SInt-SHARP-AI-032-PAK,Pakistan,Punjab,31.3589,72.3449,Afghanistan,Baghlan,35.8588,68.9831,,,,,,,,,,1,11
SInt-FIERI-YSH-104-ITA,Italy,Roma,41.965,12.7308,Eritrea,Semenawi Keyih Bahri,16.6263,37.9175,Sudan,31.34054813,15.54952248,Libya,17.36281363,28.84775861,,,,3,11
SInt-AUTH-NM-205-GRC,Greece,Attiki,38.0626,23.7997,Afghanistan,Hirat,34.1551,62.4845,Iran,51.71888023,33.94539376,Turkey,32.38075029,39.52890223,,,,1,10
SInt-SHARP-AI-167-PAK,Pakistan,Sind,26.3734,68.8685,Afghanistan,Kandahar,31.135,65.7163,,,,,,,,,,1,10
SInt-FIERI-YSH-102-ITA,Italy,Roma,41.965,12.7308,Eritrea,Anseba,15.2792,39.0563,Sudan,31.34054813,15.54952248,Libya,17.36281363,28.84775861,,,,3,10
SInt-YU-RA-026-JOR,Jordan,Irbid,32.5559,35.8195,Syria,Homs (Hims),34.1503,38.1425,,,,,,,,,,4,10
SInt-SHARP-AI-224-PAK,Pakistan,F.C.T.,33.7011,73.0628,Afghanistan,Parwan,34.9984,68.8995,,,,,,,,,,1,9
SInt-SHARP-AI-048-PAK,Pakistan,Sind,26.3734,68.8685,Afghanistan,Kabul,34.4949,69.3846,,,,,,,,,,1,9
SInt-ULEI-IA-087-COD,DR Congo,Sud-Kivu,-3.10474,28.1159,DR Congo,Nord-Kivu,-0.659128,28.5939,,,,,,,,,,2,9
SInt-SHARP-AI-030-PAK,Pakistan,Punjab,31.3589,72.3449,Pakistan,Baluchistan,27.5194,65.5512,,,,,,,,,,5,9
SInt-FIERI-FR-009-ITA,Italy,Udine,46.0839,13.1961,Pakistan,Punjab,31.3589,72.3449,Iran,51.71888023,33.94539376,Turkey,32.38075029,39.52890223,Greece,23.29359968,38.30578202,5,9
SInt-AUTH-ST-024-GRC,Greece,Voreio Aigaio,39.9531,25.2262,DR Congo,Kinshasa City,-4.49522,15.8492,Turkey,32.38075029,39.52890223,,,,,,,2,8
SInt-FIERI-FR-014-ITA,Italy,Udine,46.0839,13.1961,Pakistan,Baluchistan,27.5194,65.5512,Iran,51.71888023,33.94539376,Turkey,32.38075029,39.52890223,Greece,23.29359968,38.30578202,5,7
SInt-AUTH-NM-220-GRC,Greece,Attiki,38.0626,23.7997,Afghanistan,Ghazni,33.4079,67.8006,Iran,51.71888023,33.94539376,Turkey,32.38075029,39.52890223,,,,1,6
SInt-SHARP-AI-271-PAK,Pakistan,F.C.T.,33.7011,73.0628,Afghanistan,Kabul,34.4949,69.3846,,,,,,,,,,1,6
SInt-SHARP-AI-016-PAK,Pakistan,N.W.F.P.,34.9407,72.6402,Afghanistan,Sari Pul,35.7062,66.2158,,,,,,,,,,1,6
SInt-SHARP-ZA-154-PAK,Pakistan,Punjab,31.3589,72.3449,Afghanistan,Kabul,34.4949,69.3846,,,,,,,,,,1,6
SInt-SHARP-AI-042-PAK,Pakistan,Punjab,31.3589,72.3449,Afghanistan,Kandahar,31.135,65.7163,,,,,,,,,,1,6
SInt-AUTH-NM-274-GRC,Greece,Voreio Aigaio,39.9531,25.2262,Afghanistan,Ghazni,33.4079,67.8006,Iran,51.71888023,33.94539376,Turkey,32.38075029,39.52890223,,,,1,6
SInt-AUTH-NM-275-GRC,Greece,Voreio Aigaio,39.9531,25.2262,Afghanistan,Kabul,34.4949,69.3846,Iran,51.71888023,33.94539376,Turkey,32.38075029,39.52890223,,,,1,6
SInt-AAU-Asm-021-ET,Ethiopia,Tigray,14.1003,38.2158,Eritrea,Anseba,15.2792,39.0563,,,,,,,,,,3,6
SInt-AUTH-MN-028-GRC,Greece,Attiki,38.0626,23.7997,Syria,Hasaka (Al Haksa),36.3536,40.9092,Turkey,32.38075029,39.52890223,,,,,,,4,6
SInt-SHARP-AI-001-PAK,Pakistan,F.C.T.,33.7011,73.0628,Pakistan,Baluchistan,27.5194,65.5512,,,,,,,,,,5,6
SInt-AUTH-NM-207-GRC,Greece,Attiki,38.0626,23.7997,Afghanistan,Ghazni,33.4079,67.8006,Turkey,32.38075029,39.52890223,,,,,,,1,5
SInt-SHARP-AI-169-PAK,Pakistan,Sind,26.3734,68.8685,Afghanistan,Faryab,35.8043,64.7678,,,,,,,,,,1,5
SInt-AAU-Bhy-006-ET,Ethiopia,Addis Ababa,8.966,38.7815,Eritrea,Gash Barka,15.0297,37.6058,,,,,,,,,,3,5
SInt-AUTH-NM-214-GRC,Greece,Attiki,38.0626,23.7997,Afghanistan,Hirat,34.1551,62.4845,Turkey,32.38075029,39.52890223,,,,,,,1,4
SInt-AUTH-NM-241-GRC,Greece,Attiki,38.0626,23.7997,Afghanistan,Kabul,34.4949,69.3846,Iran,51.71888023,33.94539376,Turkey,32.38075029,39.52890223,,,,1,4
SInt-AUTH-NM-216-GRC,Greece,Attiki,38.0626,23.7997,Afghanistan,Kabul,34.4949,69.3846,Turkey,32.38075029,39.52890223,,,,,,,1,4
SInt-SHARP-NS-208-PAK,Pakistan,N.W.F.P.,34.9407,72.6402,Afghanistan,Kunduz,36.9043,68.682,,,,,,,,,,1,4
SInt-SHARP-NS-195-PAK,Pakistan,Sind,26.3734,68.8685,Afghanistan,Ghazni,33.4079,67.8006,,,,,,,,,,1,4
SInt-AUTH-ST-007-GRC,Greece,Attiki,38.0626,23.7997,DR Congo,Katanga,-8.48374,26.2512,Turkey,32.38075029,39.52890223,,,,,,,2,4
SInt-AAU-AHA-001-ET,Ethiopia,Afar,12.1232,41.0236,Eritrea,Maekel,14.858,38.9679,Djibouti,42.58328297,11.65680394,,,,,,,3,4
SInt-AUTH-MN-024-GRC,Greece,Attiki,38.0626,23.7997,Syria,Damascus,33.5101,36.2897,Turkey,32.38075029,39.52890223,,,,,,,4,4
SInt-AUTH-MN-036-GRC,Greece,Attiki,38.0626,23.7997,Syria,Homs (Hims),34.1503,38.1425,Turkey,32.38075029,39.52890223,,,,,,,4,4
SInt-AUTH-MN-006-GRC,Greece,Attiki,38.0626,23.7997,Syria,Idlib,35.8528,36.6829,Turkey,32.38075029,39.52890223,,,,,,,4,4
SInt-YU-TY-007-JOR,Jordan,Irbid,32.5559,35.8195,Syria,Damascus,33.5101,36.2897,,,,,,,,,,4,4
SInt-AAU-Sgt-008-ET,Ethiopia,Addis Ababa,8.966,38.7815,Ethiopia,Addis Ababa,8.966,38.7815,,,,,,,,,,99,4
SInt-AAU-Bhy-012-ET,Ethiopia,Addis Ababa,8.966,38.7815,Ethiopia,Amhara,11.6981,37.7222,,,,,,,,,,99,4
SInt-FIERI-FR-091-ITA,Italy,Treviso,45.8092,12.2313,Nigeria,Edo,6.52416,5.84934,Niger,7.936533064,15.71454308,Libya,17.36281363,28.84775861,,,,99,4
SInt-FIERI-GG-032-ITA,Italy,Turin,45.1609,7.47211,Nigeria,Delta,5.44265,5.88195,Niger,7.936533064,15.71454308,Libya,17.36281363,28.84775861,,,,99,4
SInt-AUTH-NM-212-GRC,Greece,Attiki,38.0626,23.7997,Afghanistan,Bamyan,34.9693,67.2365,Pakistan,69.51473907,29.44411196,Iran,51.71888023,33.94539376,Turkey,32.38075029,39.52890223,1,3
SInt-AUTH-NM-202-GRC,Greece,Attiki,38.0626,23.7997,Afghanistan,Ghazni,33.4079,67.8006,Pakistan,69.51473907,29.44411196,Iran,51.71888023,33.94539376,Turkey,32.38075029,39.52890223,1,3
SInt-SHARP-SK-233-PAK,Pakistan,F.C.T.,33.7011,73.0628,Afghanistan,Kandahar,31.135,65.7163,,,,,,,,,,1,3
SInt-SHARP-AI-002-PAK,Pakistan,F.C.T.,33.7011,73.0628,Afghanistan,Nangarhar,34.2153,70.3027,,,,,,,,,,1,3
SInt-SHARP-NS-221-PAK,Pakistan,N.W.F.P.,34.9407,72.6402,Afghanistan,Baghlan,35.8588,68.9831,,,,,,,,,,1,3
SInt-SHARP-NS-205-PAK,Pakistan,Sind,26.3734,68.8685,Afghanistan,Kunar,34.9013,71.1061,,,,,,,,,,1,3
SInt-SHARP-AI-174-PAK,Pakistan,Sind,26.3734,68.8685,Afghanistan,Sari Pul,35.7062,66.2158,,,,,,,,,,1,3
SInt-AUTH-ST-017-GRC,Greece,Attiki,38.0626,23.7997,DR Congo,Kinshasa City,-4.49522,15.8492,Congo Brazzaville,15.41987322,-1.594456753,Turkey,32.38075029,39.52890223,,,,2,3
SInt-AAU-Bhy-019-ET,Ethiopia,Addis Ababa,8.966,38.7815,Eritrea,Anseba,15.2792,39.0563,Sudan,31.34054813,15.54952248,,,,,,,3,3
SInt-AAU-Bhy-017-ET,Ethiopia,Addis Ababa,8.966,38.7815,Eritrea,Maekel,14.858,38.9679,Sudan,31.34054813,15.54952248,,,,,,,3,3
SInt-AAU-Sgt-010-ET,Ethiopia,Addis Ababa,8.966,38.7815,Eritrea,Semenawi Keyih Bahri,16.6263,37.9175,,,,,,,,,,3,3
SInt-FIERI-YSH-115-ITA,Italy,Roma,41.965,12.7308,Eritrea,Anseba,15.2792,39.0563,Ethiopia,39.58541543,9.425119357,,,,,,,3,3
SInt-FIERI-YSH-143-ITA,Italy,Roma,41.965,12.7308,Eritrea,Maekel,14.858,38.9679,Ethiopia,39.58541543,9.425119357,,,,,,,3,3
SInt-YU-KM-008-JOR,Jordan,Ajlun,32.2932,35.761,Syria,Damascus,33.5101,36.2897,,,,,,,,,,4,3
SInt-YU-RA-023-JOR,Jordan,Irbid,32.5559,35.8195,Syria,Aleppo,36.1054,37.601,,,,,,,,,,4,3
SInt-YU-RA-002-JOR,Jordan,Irbid,32.5559,35.8195,Syria,Dar`a,32.8686,36.1698,Syria,38.33040012,35.10949947,,,,,,,4,3
SInt-FIERI-FR-003-ITA,Italy,Udine,46.0839,13.1961,Pakistan,K.P.,34.9407,72.6402,Iran,51.71888023,33.94539376,Turkey,32.38075029,39.52890223,Bulgaria,25.29017476,42.7400861,5,3
SInt-AAU-Asm-024-ET,Ethiopia,Tigray,14.1003,38.2158,Ethiopia,Amhara,11.6981,37.7222,,,,,,,,,,99,3
SInt-FIERI-GG-025-ITA,Italy,Turin,45.1609,7.47211,Mali,Timbuktu,19.9073,-3.295,Algeria,2.895104767,30.67591097,Libya,17.36281363,28.84775861,,,,99,3
SInt-AUTH-NM-230-GRC,Greece,Attiki,38.0626,23.7997,Afghanistan,Balkh,36.6851,67.2185,Turkey,32.38075029,39.52890223,,,,,,,1,2
SInt-AUTH-NM-225-GRC,Greece,Attiki,38.0626,23.7997,Afghanistan,Bamyan,34.9693,67.2365,Iran,51.71888023,33.94539376,Turkey,32.38075029,39.52890223,,,,1,2
SInt-AUTH-NM-246-GRC,Greece,Attiki,38.0626,23.7997,Afghanistan,Bamyan,34.9693,67.2365,Turkey,32.38075029,39.52890223,,,,,,,1,2
SInt-AUTH-NM-204-GRC,Greece,Attiki,38.0626,23.7997,Afghanistan,Ghor,34.002,64.9224,Iran,51.71888023,33.94539376,Turkey,32.38075029,39.52890223,,,,1,2
SInt-AUTH-NM-242-GRC,Greece,Attiki,38.0626,23.7997,Afghanistan,Kabul,34.4949,69.3846,Pakistan,69.51473907,29.44411196,Iran,51.71888023,33.94539376,Turkey,32.38075029,39.52890223,1,2
SInt-AUTH-NM-231-GRC,Greece,Attiki,38.0626,23.7997,Afghanistan,Uruzgan,32.807,66.0947,Turkey,32.38075029,39.52890223,,,,,,,1,2
SInt-AUTH-NM-235-GRC,Greece,Attiki,38.0626,23.7997,Afghanistan,Wardak,34.4269,68.1087,Iran,51.71888023,33.94539376,Turkey,32.38075029,39.52890223,,,,1,2
SInt-SHARP-SK-315-PAK,Pakistan,N.W.F.P.,34.9407,72.6402,Afghanistan,Nangarhar,34.2153,70.3027,,,,,,,,,,1,2
SInt-SHARP-AI-041-PAK,Pakistan,Punjab,31.3589,72.3449,Afghanistan,Faryab,35.8043,64.7678,,,,,,,,,,1,2
SInt-SHARP-AR-187-PAK,Pakistan,Sind,26.3734,68.8685,Afghanistan,Kunduz,36.9043,68.682,Iran,51.71888023,33.94539376,,,,,,,1,2
SInt-SHARP-AI-046-PAK,Pakistan,Sind,26.3734,68.8685,Afghanistan,Logar,34.0857,69.3047,,,,,,,,,,1,2
SInt-FIERI-FR-019-ITA,Italy,Udine,46.0839,13.1961,Afghanistan,Nangarhar,34.2153,70.3027,Pakistan,69.51473907,29.44411196,Iran,51.71888023,33.94539376,Turkey,32.38075029,39.52890223,1,2
SInt-AUTH-NM-287-GRC,Greece,Voreio Aigaio,39.9531,25.2262,Afghanistan,Bamyan,34.9693,67.2365,Turkey,32.38075029,39.52890223,,,,,,,1,2
SInt-AUTH-NM-277-GRC,Greece,Voreio Aigaio,39.9531,25.2262,Afghanistan,Hirat,34.1551,62.4845,Iran,51.71888023,33.94539376,Turkey,32.38075029,39.52890223,,,,1,2
SInt-AUTH-NM-285-GRC,Greece,Voreio Aigaio,39.9531,25.2262,Afghanistan,Hirat,34.1551,62.4845,Turkey,32.38075029,39.52890223,,,,,,,1,2
SInt-AUTH-NM-283-GRC,Greece,Voreio Aigaio,39.9531,25.2262,Afghanistan,Kabul,34.4949,69.3846,Turkey,32.38075029,39.52890223,,,,,,,1,2
SInt-AUTH-ST-012-GRC,Greece,Attiki,38.0626,23.7997,DR Congo,Ã‰quateur,1.21836,20.4731,Turkey,32.38075029,39.52890223,,,,,,,2,2
SInt-AUTH-ST-001-GRC,Greece,Attiki,38.0626,23.7997,DR Congo,Bas-Congo,-5.31907,14.2052,Turkey,32.38075029,39.52890223,,,,,,,2,2
SInt-ULEI-IA-046-COD,DR Congo,Sud-Kivu,-3.10474,28.1159,DR Congo,Kinshasa City,-4.49522,15.8492,,,,,,,,,,2,2
SInt-AAU-Bhy-036-ET,Ethiopia,Addis Ababa,8.966,38.7815,Eritrea,Semenawi Keyih Bahri,16.6263,37.9175,Sudan,31.34054813,15.54952248,,,,,,,3,2
SInt-AAU-HAG-026-ET,Ethiopia,Afar,12.1232,41.0236,Eritrea,Maekel,14.858,38.9679,Yemen,47.00514948,15.36613848,Djibouti,42.58328297,11.65680394,,,,3,2
SInt-AAU-AHA-027-ET,Ethiopia,Afar,12.1232,41.0236,Eritrea,Semenawi Keyih Bahri,16.6263,37.9175,Djibouti,42.58328297,11.65680394,,,,,,,3,2
SInt-FIERI-YSH-131-ITA,Italy,Milano,45.442,9.1154,Eritrea,Maekel,14.858,38.9679,Sudan,31.34054813,15.54952248,Libya,17.36281363,28.84775861,,,,3,2
SInt-FIERI-YSH-148-ITA,Italy,Roma,41.965,12.7308,Eritrea,Maekel,14.858,38.9679,Ethiopia,39.58541543,9.425119357,Sudan,31.34054813,15.54952248,Egypt,30.66905988,28.46983608,3,2
SInt-FIERI-YSH-120-ITA,Italy,Roma,41.965,12.7308,Eritrea,Maekel,14.858,38.9679,,,,,,,,,,3,2
SInt-FIERI-GG-019-ITA,Italy,Turin,45.1609,7.47211,Eritrea,Anseba,15.2792,39.0563,Sudan,31.34054813,15.54952248,Libya,17.36281363,28.84775861,,,,3,2
SInt-AUTH-MN-047-GRC,Greece,Attiki,38.0626,23.7997,Syria,Dayr Az Zawr,35.0736,40.275,Syria,38.33040012,35.10949947,,,,,,,4,2
SInt-AUTH-MN-008-GRC,Greece,Attiki,38.0626,23.7997,Syria,Hamah,35.2352,37.22,Turkey,32.38075029,39.52890223,,,,,,,4,2
SInt-YU-TY-060-JOR,Jordan,Irbid,32.5559,35.8195,Syria,Hamah,35.2352,37.22,,,,,,,,,,4,2
SInt-SHARP-ZA-243-PAK,Pakistan,Sind,26.3734,68.8685,Pakistan,Baluchistan,27.5194,65.5512,,,,,,,,,,5,2
SInt-FIERI-FR-016-ITA,Italy,Udine,46.0839,13.1961,Pakistan,Azad Kashmir,33.868,73.8036,Iran,51.71888023,33.94539376,Turkey,32.38075029,39.52890223,Greece,23.29359968,38.30578202,5,2
SInt-FIERI-FR-035-ITA,Italy,Udine,46.0839,13.1961,Pakistan,F.A.T.A.,32.6148,69.8985,Iran,51.71888023,33.94539376,Turkey,32.38075029,39.52890223,Bulgaria,25.29017476,42.7400861,5,2
SInt-FIERI-GG-005-ITA,Italy,Imperia,44.011,7.81935,Mali,Kayes,13.7959,-10.1984,Algeria,2.895104767,30.67591097,Libya,17.36281363,28.84775861,,,,99,2
SInt-FIERI-YSH-164-ITA,Italy,Roma,41.965,12.7308,Sudan,Kassala,15.6265,35.5979,Sudan,31.34054813,15.54952248,Libya,17.36281363,28.84775861,,,,99,2
SInt-FIERI-GG-012-ITA,Italy,Turin,45.1609,7.47211,Somalia,Banaadir,2.12409,45.436,Ethiopia,39.58541543,9.425119357,Sudan,31.34054813,15.54952248,Libya,17.36281363,28.84775861,99,2
SInt-FIERI-GG-023-ITA,Italy,Turin,45.1609,7.47211,Gambia,Banjul,13.4063,-16.6831,Senegal,-14.64932269,14.53477292,Mali,-6.125955399,13.6067015,Burkina Faso,-1.656006428,12.52788264,99,2
SInt-FIERI-GG-043-ITA,Italy,Turin,45.1609,7.47211,Nigeria,Delta,5.44265,5.88195,,,,,,,,,,99,2
SInt-FIERI-GG-083-ITA,Italy,Turin,45.1609,7.47211,Cote d'Ivoire,Dix-Huit Montagnes,7.36283,-7.73423,Mali,-6.125955399,13.6067015,Algeria,2.895104767,30.67591097,Libya,17.36281363,28.84775861,99,2
SInt-FIERI-GG-009-ITA,Italy,Turin,45.1609,7.47211,Nigeria,Edo,6.52416,5.84934,France,2.530972176,47.52936864,,,,,,,99,2
SInt-FIERI-GG-065-ITA,Italy,Turin,45.1609,7.47211,Nigeria,Nassarawa,8.50412,8.27694,Niger,7.936533064,15.71454308,Libya,17.36281363,28.84775861,,,,99,2
SInt-AUTH-NM-209-GRC,Greece,Attiki,38.0626,23.7997,Afghanistan,Badakhshan,36.781,70.8036,Iran,51.71888023,33.94539376,Turkey,32.38075029,39.52890223,,,,1,1
SInt-AUTH-NM-221-GRC,Greece,Attiki,38.0626,23.7997,Afghanistan,Baghlan,35.8588,68.9831,Turkey,32.38075029,39.52890223,,,,,,,1,1
SInt-AUTH-NM-217-GRC,Greece,Attiki,38.0626,23.7997,Afghanistan,Balkh,36.6851,67.2185,Pakistan,69.51473907,29.44411196,Iran,51.71888023,33.94539376,Turkey,32.38075029,39.52890223,1,1
SInt-AUTH-NM-239-GRC,Greece,Attiki,38.0626,23.7997,Afghanistan,Balkh,36.6851,67.2185,Iran,51.71888023,33.94539376,Turkey,32.38075029,39.52890223,,,,1,1
SInt-AUTH-NM-201-GRC,Greece,Attiki,38.0626,23.7997,Afghanistan,Bamyan,34.9693,67.2365,,,,,,,,,,1,1
SInt-AUTH-NM-251-GRC,Greece,Attiki,38.0626,23.7997,Afghanistan,Faryab,35.8043,64.7678,Iran,51.71888023,33.94539376,Turkey,32.38075029,39.52890223,,,,1,1
SInt-AUTH-MM-208-GRC,Greece,Attiki,38.0626,23.7997,Afghanistan,Hilmand,30.9278,63.9824,Iran,51.71888023,33.94539376,Turkey,32.38075029,39.52890223,,,,1,1
SInt-AUTH-NM-249-GRC,Greece,Attiki,38.0626,23.7997,Afghanistan,Kabul,34.4949,69.3846,Turkey,32.38075029,39.52890223,Bulgaria,25.29017476,42.7400861,,,,1,1
SInt-AUTH-NM-236-GRC,Greece,Attiki,38.0626,23.7997,Afghanistan,Kandahar,31.135,65.7163,Pakistan,69.51473907,29.44411196,Iran,51.71888023,33.94539376,Turkey,32.38075029,39.52890223,1,1
SInt-AUTH-NM-248-GRC,Greece,Attiki,38.0626,23.7997,Afghanistan,Kandahar,31.135,65.7163,Iran,51.71888023,33.94539376,Turkey,32.38075029,39.52890223,,,,1,1
SInt-AUTH-NM-226-GRC,Greece,Attiki,38.0626,23.7997,Afghanistan,Kunduz,36.9043,68.682,Iran,51.71888023,33.94539376,Turkey,32.38075029,39.52890223,,,,1,1
SInt-AUTH-NM-244-GRC,Greece,Attiki,38.0626,23.7997,Afghanistan,Kunduz,36.9043,68.682,Turkey,32.38075029,39.52890223,,,,,,,1,1
SInt-AUTH-NM-253-GRC,Greece,Attiki,38.0626,23.7997,Afghanistan,Logar,34.0857,69.3047,Pakistan,69.51473907,29.44411196,Iran,51.71888023,33.94539376,Turkey,32.38075029,39.52890223,1,1
SInt-AUTH-NM-258-GRC,Greece,Attiki,38.0626,23.7997,Afghanistan,Nuristan,35.2898,70.7567,Pakistan,69.51473907,29.44411196,Iran,51.71888023,33.94539376,Turkey,32.38075029,39.52890223,1,1
SInt-AUTH-NM-218-GRC,Greece,Attiki,38.0626,23.7997,Afghanistan,Parwan,34.9984,68.8995,Iran,51.71888023,33.94539376,Turkey,32.38075029,39.52890223,,,,1,1
SInt-AUTH-NM-203-GRC,Greece,Attiki,38.0626,23.7997,Afghanistan,Uruzgan,32.807,66.0947,Iran,51.71888023,33.94539376,Turkey,32.38075029,39.52890223,,,,1,1
SInt-SHARP-AI-009-PAK,Pakistan,F.C.T.,33.7011,73.0628,Afghanistan,Logar,34.0857,69.3047,,,,,,,,,,1,1
SInt-SHARP-ZA-144-PAK,Pakistan,N.W.F.P.,34.9407,72.6402,Afghanistan,Faryab,35.8043,64.7678,,,,,,,,,,1,1
SInt-SHARP-NS-211-PAK,Pakistan,N.W.F.P.,34.9407,72.6402,Afghanistan,Kapisa,34.9748,69.6626,Iran,51.71888023,33.94539376,,,,,,,1,1
SInt-SHARP-NS-214-PAK,Pakistan,N.W.F.P.,34.9407,72.6402,Afghanistan,Paktya,33.575,69.3826,,,,,,,,,,1,1
SInt-SHARP-NS-219-PAK,Pakistan,N.W.F.P.,34.9407,72.6402,Afghanistan,Samangan,36.0506,67.683,Saudia Arabia,44.83772131,24.8166084,,,,,,,1,1
SInt-FIERI-FR-078-ITA,Italy,Piacenza,44.8704,9.58167,Afghanistan,Uruzgan,33.8446,66.3011,Iran,51.71888023,33.94539376,Turkey,32.38075029,39.52890223,Greece,23.29359968,38.30578202,1,1
SInt-SHARP-SK-314-PAK,Pakistan,Punjab,31.3589,72.3449,Afghanistan,Uruzgan,33.8446,66.3011,,,,,,,,,,1,1
SInt-FIERI-FR-047-ITA,Italy,Rieti,42.3382,12.9445,Afghanistan,Uruzgan,33.8446,66.3011,Turkey,32.38075029,39.52890223,,,,,,,1,1
SInt-FIERI-FR-054-ITA,Italy,Roma,41.965,12.7308,Afghanistan,Ghazni,33.4079,67.8006,Iran,51.71888023,33.94539376,Turkey,32.38075029,39.52890223,Greece,23.29359968,38.30578202,1,1
SInt-FIERI-FR-046-ITA,Italy,Roma,41.965,12.7308,Afghanistan,Parwan,34.9984,68.8995,Iran,51.71888023,33.94539376,Turkey,32.38075029,39.52890223,Greece,23.29359968,38.30578202,1,1
SInt-SHARP-ZA-242-PAK,Pakistan,Sind,26.3734,68.8685,Afghanistan,Badakhshan,36.781,70.8036,,,,,,,,,,1,1
SInt-SHARP-AR-185-PAK,Pakistan,Sind,26.3734,68.8685,Afghanistan,Kabul,34.4949,69.3846,Iran,51.71888023,33.94539376,,,,,,,1,1
SInt-SHARP-AR-193-PAK,Pakistan,Sind,26.3734,68.8685,Afghanistan,Nangarhar,34.2153,70.3027,,,,,,,,,,1,1
SInt-SHARP-NS-198-PAK,Pakistan,Sind,26.3734,68.8685,Afghanistan,Uruzgan,33.8446,66.3011,,,,,,,,,,1,1
SInt-AUTH-NM-228-GRC,Greece,StereÃ¡ EllÃ¡da,38.6373,22.6102,Afghanistan,Ghazni,33.4079,67.8006,Iran,51.71888023,33.94539376,Turkey,32.38075029,39.52890223,,,,1,1
SInt-AUTH-NM-229-GRC,Greece,StereÃ¡ EllÃ¡da,38.6373,22.6102,Afghanistan,Kabul,34.4949,69.3846,Iran,51.71888023,33.94539376,Turkey,32.38075029,39.52890223,,,,1,1
SInt-FIERI-FR-085-ITA,Italy,Trieste,45.6866,13.7799,Afghanistan,Nangarhar,34.2153,70.3027,Iran,51.71888023,33.94539376,Turkey,32.38075029,39.52890223,Bulgaria,25.29017476,42.7400861,1,1
SInt-FIERI-GG-015-ITA,Italy,Turin,45.1609,7.47211,Afghanistan,Uruzgan,33.8446,66.3011,Iran,51.71888023,33.94539376,Turkey,32.38075029,39.52890223,Sweden,15.64994036,59.29986864,1,1
SInt-FIERI-FR-033-ITA,Italy,Udine,46.0839,13.1961,Afghanistan,Baghlan,35.8588,68.9831,Iran,51.71888023,33.94539376,Turkey,32.38075029,39.52890223,Estonia,25.70091581,58.80098689,1,1
SInt-FIERI-FR-002-ITA,Italy,Udine,46.0839,13.1961,Afghanistan,Parwan,34.9984,68.8995,Iran,51.71888023,33.94539376,Turkey,32.38075029,39.52890223,Bulgaria,25.29017476,42.7400861,1,1
SInt-FIERI-FR-030-ITA,Italy,Udine,46.0839,13.1961,Afghanistan,Parwan,34.9984,68.8995,Russia,39.0369402,54.50191849,Ukraine,32.14221423,48.52582913,Hungary,19.26285818,47.22661961,1,1
SInt-FIERI-FR-001-ITA,Italy,Udine,46.0839,13.1961,Afghanistan,Sari Pul,35.7062,66.2158,Iran,51.71888023,33.94539376,Turkey,32.38075029,39.52890223,Greece,23.29359968,38.30578202,1,1
SInt-FIERI-FR-005-ITA,Italy,Udine,46.0839,13.1961,Afghanistan,Sari Pul,35.7062,66.2158,Pakistan,69.51473907,29.44411196,Iran,51.71888023,33.94539376,Turkey,32.38075029,39.52890223,1,1
SInt-AUTH-NM-276-GRC,Greece,Voreio Aigaio,39.9531,25.2262,Afghanistan,Badakhshan,36.781,70.8036,Turkey,32.38075029,39.52890223,,,,,,,1,1
SInt-AUTH-NM-290-GRC,Greece,Voreio Aigaio,39.9531,25.2262,Afghanistan,Balkh,36.6851,67.2185,Pakistan,69.51473907,29.44411196,Iran,51.71888023,33.94539376,Turkey,32.38075029,39.52890223,1,1
SInt-AUTH-NM-281-GRC,Greece,Voreio Aigaio,39.9531,25.2262,Afghanistan,Balkh,36.6851,67.2185,Iran,51.71888023,33.94539376,Turkey,32.38075029,39.52890223,,,,1,1
SInt-AUTH-NM-296-GRC,Greece,Voreio Aigaio,39.9531,25.2262,Afghanistan,Bamyan,34.9693,67.2365,Pakistan,69.51473907,29.44411196,Iran,51.71888023,33.94539376,Turkey,32.38075029,39.52890223,1,1
SInt-AUTH-NM-273-GRC,Greece,Voreio Aigaio,39.9531,25.2262,Afghanistan,Bamyan,34.9693,67.2365,Iran,51.71888023,33.94539376,Turkey,32.38075029,39.52890223,,,,1,1
SInt-AUTH-NM-278-GRC,Greece,Voreio Aigaio,39.9531,25.2262,Afghanistan,Uruzgan,32.807,66.0947,Pakistan,69.51473907,29.44411196,Iran,51.71888023,33.94539376,Turkey,32.38075029,39.52890223,1,1
SInt-AUTH-NM-294-GRC,Greece,Voreio Aigaio,39.9531,25.2262,Afghanistan,Uruzgan,32.807,66.0947,Turkey,32.38075029,39.52890223,,,,,,,1,1
SInt-AUTH-NM-289-GRC,Greece,Voreio Aigaio,39.9531,25.2262,Afghanistan,Wardak,34.4269,68.1087,Pakistan,69.51473907,29.44411196,Iran,51.71888023,33.94539376,Turkey,32.38075029,39.52890223,1,1
SInt-AUTH-ST-028-GRC,Greece,Attiki,38.0626,23.7997,DR Congo,Bas-Congo,-5.31907,14.2052,Congo Brazzaville,15.41987322,-1.594456753,Turkey,32.38075029,39.52890223,,,,2,1
SInt-AUTH-ST-013-GRC,Greece,Attiki,38.0626,23.7997,DR Congo,Bas-Congo,-5.31907,14.2052,Angola,17.32677386,-11.8258784,,,,,,,2,1
SInt-AUTH-ST-019-GRC,Greece,Attiki,38.0626,23.7997,DR Congo,KasaÃ¯-Oriental,-4.40511,24.0842,Turkey,32.38075029,39.52890223,,,,,,,2,1
SInt-AUTH-ST-014-GRC,Greece,Attiki,38.0626,23.7997,DR Congo,Kinshasa City,-4.49522,15.8492,Congo Brazzaville,15.41987322,-1.594456753,Angola,17.32677386,-11.8258784,Turkey,32.38075029,39.52890223,2,1
SInt-AUTH-ST-003-GRC,Greece,Attiki,38.0626,23.7997,DR Congo,Kinshasa City,-4.49522,15.8492,Libya,17.36281363,28.84775861,Turkey,32.38075029,39.52890223,,,,2,1
SInt-AUTH-ST-017-GRC,Greece,Attiki,38.0626,23.7997,DR Congo,Kinshasa City,-4.49522,15.8492,Uganda,32.41033028,1.136454049,Turkey,32.38075029,39.52890223,,,,2,1
SInt-FIERI-FR-077-ITA,Italy,Roma,41.965,12.7308,DR Congo,KasaÃ¯-Oriental,-4.40511,24.0842,,,,,,,,,,2,1
SInt-ULEI-IA-066-COD,DR Congo,Sud-Kivu,-3.10474,28.1159,DR Congo,Ã‰quateur,1.21836,20.4731,,,,,,,,,,2,1
SInt-ULEI-SL-098-COD,DR Congo,Sud-Kivu,-3.10474,28.1159,DR Congo,Maniema,-3.26017,26.0336,,,,,,,,,,2,1
SInt-FIERI-GG-007-ITA,Italy,Turin,45.1609,7.47211,DR Congo,KasaÃ¯-Oriental,-4.40511,24.0842,,,,,,,,,,2,1
SInt-FIERI-GG-069-ITA,Italy,Turin,45.1609,7.47211,DR Congo,Kinshasa City,-4.49522,15.8492,China,115.4397119,29.73039522,,,,,,,2,1
SInt-AUTH-ST-027-GRC,Greece,Voreio Aigaio,39.9531,25.2262,DR Congo,Kinshasa City,-4.49522,15.8492,Congo Brazzaville,15.41987322,-1.594456753,Turkey,32.38075029,39.52890223,,,,2,1
SInt-AAU-Sgt-009-ET,Ethiopia,Addis Ababa,8.966,38.7815,Eritrea,Maekel,14.858,38.9679,Sudan,31.34054813,15.54952248,South Sudan,30.28543786,7.07243011,,,,3,1
SInt-FIERI-YSH-173-ITA,Italy,Catania,37.5882,14.969,Eritrea,Maekel,14.858,38.9679,Ethiopia,39.58541543,9.425119357,Sudan,31.34054813,15.54952248,Libya,17.36281363,28.84775861,3,1
SInt-FIERI-YSH-153-ITA,Italy,Catania,37.5882,14.969,Eritrea,Maekel,14.858,38.9679,Ethiopia,39.58541543,9.425119357,,,,,,,3,1
SInt-FIERI-YSH-138-ITA,Italy,Crotene,39.1644,16.9491,Eritrea,Anseba,15.2792,39.0563,Sudan,31.34054813,15.54952248,Libya,17.36281363,28.84775861,,,,3,1
SInt-FIERI-YSH-181-ITA,Italy,Parma,44.6355,10.04,Eritrea,Maekel,14.858,38.9679,Sudan,31.34054813,15.54952248,Libya,17.36281363,28.84775861,,,,3,1
SInt-FIERI-YSH-198-ITA,Italy,Pavia,45.1396,9.2558,Eritrea,Maekel,14.858,38.9679,Sudan,31.34054813,15.54952248,Libya,17.36281363,28.84775861,,,,3,1
SInt-FIERI-YSH-197-ITA,Italy,Perugia,43.1011,12.4925,Eritrea,Maekel,14.858,38.9679,Sudan,31.34054813,15.54952248,Libya,17.36281363,28.84775861,,,,3,1
SInt-FIERI-YSH-158-ITA,Italy,Rieti,42.3382,12.9445,Eritrea,Maekel,14.858,38.9679,Sudan,31.34054813,15.54952248,Libya,17.36281363,28.84775861,,,,3,1
SInt-FIERI-YSH-167-ITA,Italy,Roma,41.965,12.7308,Eritrea,Anseba,15.2792,39.0563,Sudan,31.34054813,15.54952248,,,,,,,3,1
SInt-FIERI-YSH-161-ITA,Italy,Roma,41.965,12.7308,Eritrea,Anseba,15.2792,39.0563,,,,,,,,,,3,1
SInt-FIERI-YSH-194-ITA,Italy,Roma,41.965,12.7308,Eritrea,Gash Barka,15.0297,37.6058,Sudan,31.34054813,15.54952248,Libya,17.36281363,28.84775861,,,,3,1
SInt-FIERI-YSH-117-ITA,Italy,Roma,41.965,12.7308,Eritrea,Maekel,14.858,38.9679,Ethiopia,39.58541543,9.425119357,South Sudan,30.28543786,7.07243011,Sudan,31.34054813,15.54952248,3,1
SInt-FIERI-YSH-132-ITA,Italy,Roma,41.965,12.7308,Eritrea,Maekel,14.858,38.9679,Saudi Arabia,44.83772131,24.8166084,,,,,,,3,1
SInt-FIERI-YSH-122-ITA,Italy,Roma,41.965,12.7308,Eritrea,Semenawi Keyih Bahri,16.6263,37.9175,Ethiopia,39.58541543,9.425119357,Sudan,31.34054813,15.54952248,Libya,17.36281363,28.84775861,3,1
SInt-AAU-Awe-001-ET,Ethiopia,Tigray,14.1003,38.2158,Eritrea,Anseba,15.2792,39.0563,Sudan,31.34054813,15.54952248,Egypt,30.66905988,28.46983608,Israel,34.83838723,31.8376488,3,1
SInt-AAU-Awe-006-ET,Ethiopia,Tigray,14.1003,38.2158,Eritrea,Gash Barka,15.0297,37.6058,Sudan,31.34054813,15.54952248,,,,,,,3,1
SInt-AAU-Awe-022-ET,Ethiopia,Tigray,14.1003,38.2158,Eritrea,Maekel,14.858,38.9679,Sudan,31.34054813,15.54952248,,,,,,,3,1
SInt-AAU-Mkr-004-ET,Ethiopia,Tigray,14.1003,38.2158,Eritrea,Semenawi Keyih Bahri,16.6263,37.9175,,,,,,,,,,3,1
SInt-FIERI-YSH-127-ITA,Italy,Udine,46.0839,13.1961,Eritrea,Maekel,14.858,38.9679,Sudan,31.34054813,15.54952248,Libya,17.36281363,28.84775861,,,,3,1
SInt-YU-KM-002-JOR,Jordan,Ajlun,32.2932,35.761,Syria,Homs (Hims),34.1503,38.1425,,,,,,,,,,4,1
SInt-YU-KM-009-JOR,Jordan,Ajlun,32.2932,35.761,Syria,UNDOF,33.1509,35.8621,,,,,,,,,,4,1
SInt-AUTH-MN-084-GRC,Greece,Attiki,38.0626,23.7997,Syria,Damascus,33.5101,36.2897,,,,,,,,,,4,1
SInt-AUTH-MN-055-GRC,Greece,Attiki,38.0626,23.7997,Syria,Dayr Az Zawr,35.0736,40.275,,,,,,,,,,4,1
SInt-AUTH-MN-032-GRC,Greece,Attiki,38.0626,23.7997,Syria,Idlib,35.8528,36.6829,Syria,38.33040012,35.10949947,,,,,,,4,1
SInt-YU-WA-039-JOR,Jordan,Irbid,32.5559,35.8195,Syria,Aleppo,36.1054,37.601,Syria,38.33040012,35.10949947,,,,,,,4,1
SInt-YU-WA-025-JOR,Jordan,Irbid,32.5559,35.8195,Syria,Damascus,33.5101,36.2897,Lebanon,35.76491298,33.84140811,,,,,,,4,1
SInt-YU-TY-002-JOR,Jordan,Irbid,32.5559,35.8195,Syria,Damascus,33.5101,36.2897,Syria,38.33040012,35.10949947,,,,,,,4,1
SInt-YU-WA-026-JOR,Jordan,Irbid,32.5559,35.8195,Syria,Dar`a,32.8686,36.1698,Lebanon,35.76491298,33.84140811,Egypt,30.66905988,28.46983608,Kuwait,47.94483206,29.23863385,4,1
SInt-YU-WA-037-JOR,Jordan,Irbid,32.5559,35.8195,Syria,Dar`a,32.8686,36.1698,Turkey,32.38075029,39.52890223,,,,,,,4,1
SInt-YU-WA-024-JOR,Jordan,Irbid,32.5559,35.8195,Syria,Idlib,35.8528,36.6829,,,,,,,,,,4,1
SInt-YU-RH-049-JOR,Jordan,Mafraq,32.2481,37.6195,Syria,Ar Raqqah,36.0067,38.9127,,,,,,,,,,4,1
SInt-YU-RH-038-JOR,Jordan,Mafraq,32.2481,37.6195,Syria,Damascus,33.5101,36.2897,,,,,,,,,,4,1
SInt-YU-AGS-040-JOR,Jordan,Mafraq,32.2481,37.6195,Syria,Idlib,35.8528,36.6829,,,,,,,,,,4,1
SInt-FIERI-FR-041-ITA,Italy,Treviso,45.8092,12.2313,Syria,Tartus,34.9274,36.0901,Lebanon,35.76491298,33.84140811,,,,,,,4,1
SInt-AUTH-MI-301-GRC,Greece,Attiki,38.0626,23.7997,Pakistan,Punjab,31.3589,72.3449,Afghanistan,66.04739186,34.38005594,Turkey,32.38075029,39.52890223,,,,5,1
SInt-AUTH-MI-301-GRC,Greece,Attiki,38.0626,23.7997,Pakistan,Sind,26.3734,68.8685,Iran,51.71888023,33.94539376,Turkey,32.38075029,39.52890223,,,,5,1
SInt-FIERI-GG-002-ITA,Italy,Imperia,44.011,7.81935,Pakistan,Baluchistan,27.5194,65.5512,Iran,51.71888023,33.94539376,Turkey,32.38075029,39.52890223,Greece,23.29359968,38.30578202,5,1
SInt-SHARP-SK-314-PAK,Pakistan,N.W.F.P.,34.9407,72.6402,Pakistan,Kabul,34.4949,69.3846,,,,,,,,,,5,1
SInt-FIERI-GG-079-ITA,Italy,Turin,45.1609,7.47211,Pakistan,Azad Kashmir,33.868,73.8036,Iran,51.71888023,33.94539376,Turkey,32.38075029,39.52890223,,,,5,1
SInt-FIERI-FR-031-ITA,Italy,Udine,46.0839,13.1961,Pakistan,Baluchistan,27.5194,65.5512,Turkey,32.38075029,39.52890223,Greece,23.29359968,38.30578202,North Macedonia,21.76316072,41.67499229,5,1
SInt-FIERI-FR-010-ITA,Italy,Udine,46.0839,13.1961,Pakistan,Baluchistan,27.5194,65.5512,Turkey,32.38075029,39.52890223,Greece,23.29359968,38.30578202,Serbia,20.73418731,44.29901237,5,1
SInt-FIERI-FR-011-ITA,Italy,Udine,46.0839,13.1961,Pakistan,Baluchistan,27.5194,65.5512,Iran,51.71888023,33.94539376,Turkey,32.38075029,39.52890223,Serbia,20.73418731,44.29901237,5,1
SInt-FIERI-FR-012-ITA,Italy,Udine,46.0839,13.1961,Pakistan,Baluchistan,27.5194,65.5512,Belgium,4.476764311,50.79871103,Croatia,15.38329952,44.46402066,Slovenia,14.5095216,46.08885889,5,1
SInt-FIERI-FR-036-ITA,Italy,Udine,46.0839,13.1961,Pakistan,K.P.,34.9407,72.6402,Iran,51.71888023,33.94539376,Turkey,32.38075029,39.52890223,Greece,23.29359968,38.30578202,5,1
SInt-FIERI-FR-025-ITA,Italy,Udine,46.0839,13.1961,Pakistan,Punjab,31.3589,72.3449,Iran,51.71888023,33.94539376,Turkey,32.38075029,39.52890223,Belgium,4.476764311,50.79871103,5,1
SInt-FIERI-FR-006-ITA,Italy,Udine,46.0839,13.1961,Pakistan,Punjab,31.3589,72.3449,Turkey,32.38075029,39.52890223,Greece,23.29359968,38.30578202,Serbia,20.73418731,44.29901237,5,1
SInt-AAU-Ytk-006-ET,Ethiopia,Addis Ababa,8.966,38.7815,Ethiopia,Addis Ababa,8.966,38.7815,Sudan,31.34054813,15.54952248,South Sudan,30.28543786,7.07243011,,,,99,1
SInt-AUTH-NM-269-GRC,Greece,Attiki,38.0626,23.7997,Iran,Sind,26.3734,68.8685,Turkey,32.38075029,39.52890223,,,,,,,99,1
SInt-FIERI-FR-098-ITA,Italy,Avellino,40.9404,15.1044,Senegal,Kolda,12.9574,-14.422,Mali,-6.125955399,13.6067015,Burkina Faso,-1.656006428,12.52788264,Niger,7.936533064,15.71454308,99,1
SInt-FIERI-GG-039-ITA,Italy,Cuneo,44.4862,7.63034,Gambia,Banjul,13.4063,-16.6831,Senegal,-14.64932269,14.53477292,Mauretania,-11.20409542,19.35075885,Mali,-6.125955399,13.6067015,99,1
SInt-FIERI-GG-054-ITA,Italy,Cuneo,44.4862,7.63034,Guinea,DubrÃ©ka,10.1137,-13.468,Mali,-6.125955399,13.6067015,Algeria,2.895104767,30.67591097,Libya,17.36281363,28.84775861,99,1
SInt-FIERI-GG-042-ITA,Italy,Imperia,44.011,7.81935,Gambia,Banjul,13.4063,-16.6831,Senegal,-14.64932269,14.53477292,Mauretania,-11.20409542,19.35075885,Mali,-6.125955399,13.6067015,99,1
SInt-FIERI-GG-006-ITA,Italy,Imperia,44.011,7.81935,Guinea,Kankan,10.1319,-9.12624,Mali,-6.125955399,13.6067015,Burkina Faso,-1.656006428,12.52788264,Niger,7.936533064,15.71454308,99,1
SInt-FIERI-GG-004-ITA,Italy,Imperia,44.011,7.81935,Senegal,Matam,15.4647,-13.5063,Mali,-6.125955399,13.6067015,Burkina Faso,-1.656006428,12.52788264,Niger,7.936533064,15.71454308,99,1
SInt-FIERI-GG-003-ITA,Italy,Imperia,44.011,7.81935,Senegal,Tambacounda,13.9278,-13.2878,Mali,-6.125955399,13.6067015,Niger,7.936533064,15.71454308,Libya,17.36281363,28.84775861,99,1
SInt-FIERI-FR-066-ITA,Italy,Milano,45.442,9.1154,Gambia,Central River,13.637,-14.9804,Senegal,-14.64932269,14.53477292,Mali,-6.125955399,13.6067015,,,,99,1
SInt-FIERI-FR-071-ITA,Italy,Milano,45.442,9.1154,Cameroon,Centre,4.73268,11.7383,Chad,17.97168595,12.98957111,Libya,17.36281363,28.84775861,Morocco,-6.669365057,32.23764971,99,1
SInt-FIERI-FR-062-ITA,Italy,Milano,45.442,9.1154,Senegal,Dakar,14.7835,-17.3327,Mali,-6.125955399,13.6067015,Niger,7.936533064,15.71454308,Libya,17.36281363,28.84775861,99,1
SInt-FIERI-FR-092-ITA,Italy,Milano,45.442,9.1154,Senegal,Dakar,14.7835,-17.3327,Mali,-6.125955399,13.6067015,Burkina Faso,-1.656006428,12.52788264,Niger,7.936533064,15.71454308,99,1
SInt-FIERI-FR-063-ITA,Italy,Milano,45.442,9.1154,Cote d'Ivoire,Dix-Huit Montagnes,7.36283,-7.73423,Burkina Faso,-1.656006428,12.52788264,Libya,17.36281363,28.84775861,,,,99,1
SInt-FIERI-FR-067-ITA,Italy,Milano,45.442,9.1154,Senegal,Kolda,12.9574,-14.422,Mali,-6.125955399,13.6067015,Algeria,2.895104767,30.67591097,Libya,17.36281363,28.84775861,99,1
SInt-FIERI-FR-064-ITA,Italy,Milano,45.442,9.1154,Cote d'Ivoire,Lagunes,5.4607,-4.42852,Niger,7.936533064,15.71454308,Libya,17.36281363,28.84775861,Tunisia,9.712590793,35.69333922,99,1
SInt-FIERI-FR-065-ITA,Italy,Milano,45.442,9.1154,Cote d'Ivoire,MarahouÃ©,6.94728,-5.83201,Burkina Faso,-1.656006428,12.52788264,Niger,7.936533064,15.71454308,Libya,17.36281363,28.84775861,99,1
SInt-FIERI-FR-075-ITA,Italy,Milano,45.442,9.1154,Cote d'Ivoire,MarahouÃ©,6.94728,-5.83201,Tunisia,9.712590793,35.69333922,Libya,17.36281363,28.84775861,,,,99,1
SInt-FIERI-FR-061-ITA,Italy,Milano,45.442,9.1154,Senegal,Tambacounda,13.9278,-13.2878,,,,,,,,,,99,1
SInt-FIERI-FR-072-ITA,Italy,Milano,45.442,9.1154,Mali,Timbuktu,19.9073,-3.295,Niger,7.936533064,15.71454308,Libya,17.36281363,28.84775861,,,,99,1
SInt-FIERI-FR-068-ITA,Italy,Milano,45.442,9.1154,Senegal,Ziguinchor,12.4818,-16.3435,Mali,-6.125955399,13.6067015,,,,Niger,7.936533064,15.71454308,99,1
SInt-FIERI-FR-084-ITA,Italy,Modena,44.4311,10.8516,Nigeria,Edo,6.52416,5.84934,Niger,7.936533064,15.71454308,Libya,17.36281363,28.84775861,,,,99,1
SInt-FIERI-FR-082-ITA,Italy,Padova,45.361,11.8371,Mali,Bamako,12.643,-8.01917,Nigeria,7.870615134,9.130848867,Algeria,2.895104767,30.67591097,Libya,17.36281363,28.84775861,99,1
SInt-FIERI-FR-057-ITA,Italy,Padova,45.361,11.8371,Gambia,Central River,13.637,-14.9804,Mali,-6.125955399,13.6067015,Algeria,2.895104767,30.67591097,Libya,17.36281363,28.84775861,99,1
SInt-FIERI-FR-100-ITA,Italy,Padova,45.361,11.8371,Guinea,DubrÃ©ka,10.1137,-13.468,Mali,-6.125955399,13.6067015,Algeria,2.895104767,30.67591097,Libya,17.36281363,28.84775861,99,1
SInt-FIERI-GG-097-ITA,Italy,Reggio Emilia,44.6699,10.6186,Gambia,Banjul,13.4063,-16.6831,Senegal,-14.64932269,14.53477292,Mali,-6.125955399,13.6067015,Burkina Faso,-1.656006428,12.52788264,99,1
SInt-FIERI-YSH-199-ITA,Italy,Roma,41.965,12.7308,Ethiopia,Addis Ababa,8.966,38.7815,Ethiopia,39.58541543,9.425119357,Sudan,31.34054813,15.54952248,Libya,17.36281363,28.84775861,99,1
SInt-FIERI-YSH-116-ITA,Italy,Roma,41.965,12.7308,Ethiopia,Addis Ababa,8.966,38.7815,Sudan,31.34054813,15.54952248,Libya,17.36281363,28.84775861,Malta,14.43533415,35.8895392,99,1
SInt-FIERI-YSH-162-ITA,Italy,Roma,41.965,12.7308,Ethiopia,Addis Ababa,8.966,38.7815,Sudan,31.34054813,15.54952248,Libya,17.36281363,28.84775861,,,,99,1
SInt-FIERI-FR-053-ITA,Italy,Roma,41.965,12.7308,Ghana,Ashanti,6.75219,-1.3296,Togo,1.040555748,8.413209882,Benin,2.196783174,9.256978265,Niger,7.936533064,15.71454308,99,1
SInt-FIERI-FR-049-ITA,Italy,Roma,41.965,12.7308,Gambia,Central River,13.637,-14.9804,,,,,,,,,,99,1
SInt-FIERI-FR-037-ITA,Italy,Roma,41.965,12.7308,Cameroon,Centre,4.73268,11.7383,Nigeria,7.870615134,9.130848867,Benin,2.196783174,9.256978265,Niger,7.936533064,15.71454308,99,1
SInt-FIERI-FR-058-ITA,Italy,Roma,41.965,12.7308,Guinea,Dabola,10.7774,-11.2004,Algeria,2.895104767,30.67591097,Niger,7.936533064,15.71454308,Libya,17.36281363,28.84775861,99,1
SInt-FIERI-FR-040-ITA,Italy,Roma,41.965,12.7308,Iran,Esfahan,32.9837,52.4195,Turkey,32.38075029,39.52890223,Greece,23.29359968,38.30578202,,,,99,1
SInt-FIERI-YSH-165-ITA,Italy,Roma,41.965,12.7308,Sudan,Kassala,15.6265,35.5979,Sudan,31.34054813,15.54952248,,,,,,,99,1
SInt-FIERI-FR-099-ITA,Italy,Roma,41.965,12.7308,Senegal,Kolda,12.9574,-14.422,Mali,-6.125955399,13.6067015,Burkina Faso,-1.656006428,12.52788264,Niger,7.936533064,15.71454308,99,1
SInt-FIERI-FR-079-ITA,Italy,Roma,41.965,12.7308,C?te d'Ivoire,MarahouÃ©,6.94728,-5.83201,,,,,,,,,,99,1
SInt-FIERI-FR-052-ITA,Italy,Roma,41.965,12.7308,Togo,Maritime,6.42521,1.24665,,,,,,,,,,99,1
SInt-FIERI-YSH-180-ITA,Italy,Roma,41.965,12.7308,Ethiopia,Tigray,14.1003,38.2158,Sudan,31.34054813,15.54952248,Libya,17.36281363,28.84775861,,,,99,1
SInt-ULEI-IA-049-COD,DR Congo,Sud-Kivu,-3.10474,28.1159,Burundi,Gitega,-3.48983,29.9159,,,,,,,,,,99,1
SInt-ULEI-IA-082-COD,DR Congo,Sud-Kivu,-3.10474,28.1159,Rwanda,Western,-2.13156,29.2644,,,,,,,,,,99,1
SInt-FIERI-FR-097-ITA,Italy,Treviso,45.8092,12.2313,Nigeria,Akwa Ibom,4.89926,7.90963,Niger,7.936533064,15.71454308,Libya,17.36281363,28.84775861,,,,99,1
SInt-FIERI-FR-039-ITA,Italy,Treviso,45.8092,12.2313,Ghana,Brong Ahafo,8.16555,-1.42805,Libya,17.36281363,28.84775861,,,,,,,99,1
SInt-FIERI-FR-094-ITA,Italy,Treviso,45.8092,12.2313,Nigeria,Ekiti,7.67104,5.35929,Niger,7.936533064,15.71454308,Libya,17.36281363,28.84775861,,,,99,1
SInt-FIERI-FR-048-ITA,Italy,Treviso,45.8092,12.2313,Somalia,Jubbada Dhexe,1.55342,42.4706,Ethiopia,39.58541543,9.425119357,Sudan,31.34054813,15.54952248,Libya,17.36281363,28.84775861,99,1
SInt-FIERI-FR-043-ITA,Italy,Treviso,45.8092,12.2313,Cameroon,Littoral,4.1938,10.0932,Nigeria,7.870615134,9.130848867,Niger,7.936533064,15.71454308,Libya,17.36281363,28.84775861,99,1
SInt-FIERI-FR-042-ITA,Italy,Treviso,45.8092,12.2313,Sudan,North Darfur,16.4602,25.506,Egypt,30.66905988,28.46983608,Libya,17.36281363,28.84775861,,,,99,1
SInt-FIERI-GG-094-ITA,Italy,Turin,45.1609,7.47211,Nigeria,Abia,5.57402,7.56019,Niger,7.936533064,15.71454308,Algeria,2.895104767,30.67591097,Morocco,-6.669365057,32.23764971,99,1
SInt-FIERI-FR-088-ITA,Italy,Turin,45.1609,7.47211,Niger,Agadez,19.4523,10.0991,Libya,17.36281363,28.84775861,,,,,,,99,1
SInt-FIERI-FR-083-ITA,Italy,Turin,45.1609,7.47211,Niger,Agadez,19.4523,10.0991,,,,,,,,,,99,1
SInt-FIERI-GG-022-ITA,Italy,Turin,45.1609,7.47211,Ghana,Ashanti,6.75219,-1.3296,Burkina Faso,-1.656006428,12.52788264,Niger,7.936533064,15.71454308,Libya,17.36281363,28.84775861,99,1
SInt-FIERI-GG-087-ITA,Italy,Turin,45.1609,7.47211,Guinea-Bissau,BafatÃ¡,12.1429,-14.707,Senegal,-14.64932269,14.53477292,Mali,-6.125955399,13.6067015,Burkina Faso,-1.656006428,12.52788264,99,1
SInt-FIERI-GG-014-ITA,Italy,Turin,45.1609,7.47211,Somalia,Banaadir,2.12409,45.436,Kenya,37.35629564,-0.252045821,Sudan,31.34054813,15.54952248,Libya,17.36281363,28.84775861,99,1
SInt-FIERI-GG-061-ITA,Italy,Turin,45.1609,7.47211,Gambia,Banjul,13.4063,-16.6831,Senegal,-14.64932269,14.53477292,Mauretania,-11.20409542,19.35075885,Mali,-6.125955399,13.6067015,99,1
SInt-FIERI-FR-086-ITA,Italy,Turin,45.1609,7.47211,Gambia,Banjul,13.4063,-16.6831,Guinea-Bissau,-14.989261,12.00694509,Senegal,-14.64932269,14.53477292,Mali,-6.125955399,13.6067015,99,1
SInt-FIERI-GG-055-ITA,Italy,Turin,45.1609,7.47211,Chad,Barh El Gazel,14.5304,16.9496,Sudan,31.34054813,15.54952248,Libya,17.36281363,28.84775861,,,,99,1
SInt-FIERI-GG-016-ITA,Italy,Turin,45.1609,7.47211,Burkina Faso,Boulgou,11.4767,-0.43666,Niger,7.936533064,15.71454308,Libya,17.36281363,28.84775861,,,,99,1
SInt-FIERI-GG-058-ITA,Italy,Turin,45.1609,7.47211,Gambia,Central River,13.637,-14.9804,Senegal,-14.64932269,14.53477292,Mali,-6.125955399,13.6067015,Burkina Faso,-1.656006428,12.52788264,99,1
SInt-FIERI-GG-090-ITA,Italy,Turin,45.1609,7.47211,Gambia,Central River,13.637,-14.9804,Senegal,-14.64932269,14.53477292,Mauretania,-11.20409542,19.35075885,Mali,-6.125955399,13.6067015,99,1
SInt-FIERI-GG-024-ITA,Italy,Turin,45.1609,7.47211,Cameroon,Centre,4.73268,11.7383,Niger,7.936533064,15.71454308,Libya,17.36281363,28.84775861,,,,99,1
SInt-FIERI-GG-052-ITA,Italy,Turin,45.1609,7.47211,Guinea,Dabola,10.7774,-11.2004,Mali,-6.125955399,13.6067015,Burkina Faso,-1.656006428,12.52788264,Niger,7.936533064,15.71454308,99,1
SInt-FIERI-GG-081-ITA,Italy,Turin,45.1609,7.47211,Senegal,Dakar,14.7835,-17.3327,Mali,-6.125955399,13.6067015,Burkina Faso,-1.656006428,12.52788264,Niger,7.936533064,15.71454308,99,1
SInt-FIERI-GG-075-ITA,Italy,Turin,45.1609,7.47211,Senegal,Dakar,14.7835,-17.3327,Argentina,-60.76153062,-34.82104649,,,,,,,99,1
SInt-FIERI-GG-030-ITA,Italy,Turin,45.1609,7.47211,Nigeria,Delta,5.44265,5.88195,Niger,7.936533064,15.71454308,Algeria,2.895104767,30.67591097,Libya,17.36281363,28.84775861,99,1
SInt-FIERI-GG-021-ITA,Italy,Turin,45.1609,7.47211,Nigeria,Delta,5.44265,5.88195,Libya,17.36281363,28.84775861,,,,,,,99,1
SInt-FIERI-GG-085-ITA,Italy,Turin,45.1609,7.47211,Guinea,DubrÃ©ka,10.1137,-13.468,Senegal,-14.64932269,14.53477292,Mali,-6.125955399,13.6067015,Algeria,2.895104767,30.67591097,99,1
SInt-FIERI-GG-008-ITA,Italy,Turin,45.1609,7.47211,Nigeria,Edo,6.52416,5.84934,Niger,7.936533064,15.71454308,Mali,-6.125955399,13.6067015,Algeria,2.895104767,30.67591097,99,1
SInt-FIERI-GG-045-ITA,Italy,Turin,45.1609,7.47211,Nigeria,Edo,6.52416,5.84934,Benin,2.196783174,9.256978265,Niger,7.936533064,15.71454308,Libya,17.36281363,28.84775861,99,1
SInt-FIERI-GG-033-ITA,Italy,Turin,45.1609,7.47211,Nigeria,Edo,6.52416,5.84934,Gambia,-15.4267153,13.51836069,Senegal,-14.64932269,14.53477292,Turkey,32.38075029,39.52890223,99,1
SInt-FIERI-GG-040-ITA,Italy,Turin,45.1609,7.47211,Nigeria,Edo,6.52416,5.84934,Libya,17.36281363,28.84775861,,,,,,,99,1
SInt-FIERI-GG-047-ITA,Italy,Turin,45.1609,7.47211,Nigeria,Edo,6.52416,5.84934,,,,,,,,,,99,1
SInt-FIERI-GG-099-ITA,Italy,Turin,45.1609,7.47211,Mali,Gao,16.4482,1.2641,Algeria,2.895104767,30.67591097,Libya,17.36281363,28.84775861,,,,99,1
SInt-FIERI-GG-046-ITA,Italy,Turin,45.1609,7.47211,Mali,Kayes,13.7959,-10.1984,Algeria,2.895104767,30.67591097,Libya,17.36281363,28.84775861,,,,99,1
SInt-FIERI-GG-100-ITA,Italy,Turin,45.1609,7.47211,Mali,Kidal,19.4258,1.09427,Algeria,2.895104767,30.67591097,Libya,17.36281363,28.84775861,,,,99,1
SInt-FIERI-GG-062-ITA,Italy,Turin,45.1609,7.47211,Senegal,Kolda,12.9574,-14.422,Cote d'Ivoire,-5.506350278,7.286524249,Libya,17.36281363,28.84775861,,,,99,1
SInt-FIERI-GG-050-ITA,Italy,Turin,45.1609,7.47211,Cote d'Ivoire,Lagunes,5.4607,-4.42852,Mali,-6.125955399,13.6067015,Niger,7.936533064,15.71454308,Libya,17.36281363,28.84775861,99,1
SInt-FIERI-GG-082-ITA,Italy,Turin,45.1609,7.47211,Cote d'Ivoire,Lagunes,5.4607,-4.42852,Mali,-6.125955399,13.6067015,Burkina Faso,-1.656006428,12.52788264,Niger,7.936533064,15.71454308,99,1
SInt-FIERI-GG-076-ITA,Italy,Turin,45.1609,7.47211,Cote d'Ivoire,Lagunes,5.4607,-4.42852,Ghana,-1.186962068,7.593676088,Libya,17.36281363,28.84775861,,,,99,1
SInt-FIERI-GG-017-ITA,Italy,Turin,45.1609,7.47211,Cameroon,Littoral,4.1938,10.0932,Nigeria,7.870615134,9.130848867,Niger,7.936533064,15.71454308,Algeria,2.895104767,30.67591097,99,1
SInt-FIERI-GG-080-ITA,Italy,Turin,45.1609,7.47211,Gambia,Lower River,13.4062,-15.7046,Senegal,-14.64932269,14.53477292,Guinea,-11.30884122,10.69285624,Cote d'Ivoire,-5.506350278,7.286524249,99,1
SInt-FIERI-GG-095-ITA,Italy,Turin,45.1609,7.47211,Cote d'Ivoire,MarahouÃ©,6.94728,-5.83201,Greece,23.29359968,38.30578202,,,,,,,99,1
SInt-FIERI-GG-071-ITA,Italy,Turin,45.1609,7.47211,Kenya,Nairobi,-1.29384,36.9039,,,,,,,,,,99,1
SInt-FIERI-GG-056-ITA,Italy,Turin,45.1609,7.47211,Nigeria,Nassarawa,8.50412,8.27694,Mali,-6.125955399,13.6067015,Libya,17.36281363,28.84775861,,,,99,1
SInt-FIERI-GG-048-ITA,Italy,Turin,45.1609,7.47211,Nigeria,Nassarawa,8.50412,8.27694,Libya,17.36281363,28.84775861,,,,,,,99,1
SInt-FIERI-GG-088-ITA,Italy,Turin,45.1609,7.47211,Sudan,North Darfur,16.4602,25.506,Libya,17.36281363,28.84775861,,,,,,,99,1
SInt-FIERI-GG-010-ITA,Italy,Turin,45.1609,7.47211,Guinea,NzÃ©rÃ©korÃ©,8.05075,-8.73838,Cote d'Ivoire,-5.506350278,7.286524249,Mali,-6.125955399,13.6067015,Algeria,2.895104767,30.67591097,99,1
SInt-FIERI-GG-053-ITA,Italy,Turin,45.1609,7.47211,Nigeria,Ogun,7.01845,3.29255,,,,,,,,,,99,1
SInt-FIERI-GG-091-ITA,Italy,Turin,45.1609,7.47211,Nigeria,Plateau,8.95327,9.60601,France,2.530972176,47.52936864,,,,,,,99,1
SInt-FIERI-GG-096-ITA,Italy,Turin,45.1609,7.47211,Cote d'Ivoire,Sud-Bandama,5.63293,-5.49467,Niger,7.936533064,15.71454308,Libya,17.36281363,28.84775861,,,,99,1
SInt-FIERI-GG-077-ITA,Italy,Turin,45.1609,7.47211,Senegal,ThiÃ¨s,14.6931,-16.8671,,,,,,,,,,99,1
SInt-FIERI-GG-035-ITA,Italy,Turin,45.1609,7.47211,Mali,Timbuktu,19.9073,-3.295,Burkina Faso,-1.656006428,12.52788264,Niger,7.936533064,15.71454308,Algeria,2.895104767,30.67591097,99,1
SInt-FIERI-GG-001-ITA,Italy,Turin,45.1609,7.47211,Mali,Timbuktu,19.9073,-3.295,Libya,17.36281363,28.84775861,,,,,,,99,1
SInt-FIERI-GG-049-ITA,Italy,Turin,45.1609,7.47211,Gambia,Upper River,13.3797,-14.1857,Senegal,-14.64932269,14.53477292,Mali,-6.125955399,13.6067015,Niger,7.936533064,15.71454308,99,1
SInt-FIERI-GG-018-ITA,Italy,Turin,45.1609,7.47211,Ghana,Upper West,10.404,-2.14449,Nigeria,7.870615134,9.130848867,Niger,7.936533064,15.71454308,Libya,17.36281363,28.84775861,99,1
SInt-FIERI-FR-027-ITA,Italy,Udine,46.0839,13.1961,Cote d'Ivoire,Lagunes,5.4607,-4.42852,Niger,7.936533064,15.71454308,Algeria,2.895104767,30.67591097,Libya,17.36281363,28.84775861,99,1
SInt-FIERI-FR-034-ITA,Italy,Udine,46.0839,13.1961,Togo,Maritime,6.42521,1.24665,Ghana,-1.186962068,7.593676088,France,2.530972176,47.52936864,,,,99,1
SInt-FIERI-FR-032-ITA,Italy,Udine,46.0839,13.1961,Mali,SÃ©gou,13.5852,-5.51952,Algeria,2.895104767,30.67591097,Libya,17.36281363,28.84775861,,,,99,1
SInt-FIERI-FR-024-ITA,Italy,Udine,46.0839,13.1961,Burkina Faso,Sissili,11.1806,-2.10887,Niger,7.936533064,15.71454308,Libya,17.36281363,28.84775861,,,,99,1
SInt-FIERI-FR-080-ITA,Italy,Venezia,45.4591,12.1647,Mali,Bamako,12.643,-8.01917,Algeria,2.895104767,30.67591097,Libya,17.36281363,28.84775861,,,,99,1
SInt-FIERI-FR-051-ITA,Italy,Venezia,45.4591,12.1647,Nigeria,Delta,5.44265,5.88195,Libya,17.36281363,28.84775861,,,,,,,99,1
SInt-FIERI-FR-038-ITA,Italy,Venezia,45.4591,12.1647,Iran,Esfahan,32.9837,52.4195,,,,,,,,,,99,1
SInt-FIERI-FR-050-ITA,Italy,Venezia,45.4591,12.1647,Cameroon,Ouest,5.36694,10.5889,Nigeria,7.870615134,9.130848867,Niger,7.936533064,15.71454308,Algeria,2.895104767,30.67591097,99,1
SInt-FIERI-FR-087-ITA,Italy,Vicenza,45.712,11.4753,Mali,Gao,16.4482,1.2641,Algeria,2.895104767,30.67591097,Libya,17.36281363,28.84775861,,,,99,1
SInt-FIERI-FR-076-ITA,Italy,Vicenza,45.712,11.4753,Guinea,Kankan,10.1319,-9.12624,Niger,7.936533064,15.71454308,Libya,17.36281363,28.84775861,,,,99,1
SInt-FIERI-FR-055-ITA,Italy,Vicenza,45.712,11.4753,Niger,Maradi,14.1148,7.41198,Libya,17.36281363,28.84775861,,,,,,,99,1
SInt-FIERI-FR-059-ITA,Italy,Vicenza,45.712,11.4753,Senegal,Tambacounda,13.9278,-13.2878,Mali,-6.125955399,13.6067015,Burkina Faso,-1.656006428,12.52788264,Niger,7.936533064,15.71454308,99,1
SInt-FIERI-FR-060-ITA,Italy,Vicenza,45.712,11.4753,Senegal,ThiÃ¨s,14.6931,-16.8671,Mali,-6.125955399,13.6067015,Niger,7.936533064,15.71454308,Libya,17.36281363,28.84775861,99,1
SInt-FIERI-FR-081-ITA,Italy,Vicenza,45.712,11.4753,Mali,Timbuktu,19.9073,-3.295,,,,Niger,7.936533064,15.71454308,Libya,17.36281363,28.84775861,99,1
