submissionID,studyCountry,studyCity,studyLon,studyLat,birthCountry,countryID,birthCity,contactCountry,contactCity,contactLon,contactLat,weight
SInt-AAU-Ytk-007-ET,Ethiopia,Addis - Bole Arabsa,38.7146778,9.0295451,Ethiopia,99,Addis Ababa,USA,Arizona,-112.1659424,33.90317565,1
SInt-AAU-Ytk-007-ET,Ethiopia,Addis - Bole Arabsa,38.7146778,9.0295451,Ethiopia,99,Addis Ababa,Eritrea,Asmara,38.9326763,15.3389667,2
SInt-AAU-Ytk-009-ET,Ethiopia,Addis - Bole Arabsa,38.7146778,9.0295451,Eritrea,3,Debub Region,Germany,Bonn,7.10066,50.735851,1
SInt-AAU-Ytk-001-ET,Ethiopia,Addis - Bole Arabsa,38.7146778,9.0295451,Eritrea,3,Debub Region,Denmark,Copenhagen,12.5700724,55.6867243,1
SInt-AAU-Ytk-023-ET,Ethiopia,Addis - Bole Arabsa,38.7146778,9.0295451,Eritrea,3,Maekel Region,Qatar,Doha,51.5158119,25.317513,1
SInt-AAU-Ytk-023-ET,Ethiopia,Addis - Bole Arabsa,38.7146778,9.0295451,Eritrea,3,Maekel Region,Sudan,Khartoum,32.54065604,15.57790946,1
SInt-AAU-Ytk-006-ET,Ethiopia,Addis - Bole Arabsa,38.7146778,9.0295451,Ethiopia,99,Addis Ababa,UK,London,-0.1276474,51.5073219,2
SInt-AAU-Ytk-001-ET,Ethiopia,Addis - Bole Arabsa,38.7146778,9.0295451,Eritrea,3,Debub Region,USA,Maryland,-76.62767362,39.29008521,2
SInt-AAU-Ytk-004-ET,Ethiopia,Addis - Bole Arabsa,38.7146778,9.0295451,Eritrea,3,Northern Region,USA,New York,-74.0060152,40.7127281,1
SInt-AAU-Ytk-037-ET,Ethiopia,Addis - Bole Arabsa,38.7146778,9.0295451,Eritrea,3,Debub Region,Norway,Oslo,10.7389701,59.9133301,2
SInt-AAU-Ytk-003-ET,Ethiopia,Addis - Bole Arabsa,38.7146778,9.0295451,Eritrea,3,Debub Region,Italy,Rome,12.4829321,41.8933203,2
SInt-AAU-Ytk-019-ET,Ethiopia,Addis - Bole Arabsa,38.7146778,9.0295451,Eritrea,3,Debub Region,Australia,Sydney,151.2164539,-33.8548157,3
SInt-AAU-Ytk-012-ET,Ethiopia,Addis - Bole Arabsa,38.7146778,9.0295451,Eritrea,3,Debub Region,USA,Texas,-99.5120986,31.8160381,1
SInt-AAU-Ytk-006-ET,Ethiopia,Addis - Bole Arabsa,38.7146778,9.0295451,Ethiopia,99,Addis Ababa,USA,Washington DC,-77.0365427,38.8950368,3
SInt-AAU-Sgt-037-ET,Ethiopia,Addis - Mebrathayil,38.7146778,9.0295451,Ethiopia,99,Addis Ababa,Ethiopia,Addis Ababa,38.7612525,9.0107934,1
SInt-AAU-Bhy-037-ET,Ethiopia,Addis - Mebrathayil,38.7146778,9.0295451,Eritrea,3,Debub Region,Eritrea,Adi Quala,38.833557,14.633798,3
SInt-AAU-Sgt-005-ET,Ethiopia,Addis - Mebrathayil,38.7146778,9.0295451,Eritrea,3,Maekel Region,Netherlands,Amsterdam,4.8936041,52.3727598,1
SInt-AAU-Bhy-039-ET,Ethiopia,Addis - Mebrathayil,38.7146778,9.0295451,Eritrea,3,Maekel Region,Eritrea,Asmara,38.9326763,15.3389667,7
SInt-AAU-Bhy-039-ET,Ethiopia,Addis - Mebrathayil,38.7146778,9.0295451,Eritrea,3,Maekel Region,Eritrea,Assab,42.74079433,13.01184167,1
SInt-AAU-Sgt-001-ET,Ethiopia,Addis - Mebrathayil,38.7146778,9.0295451,Eritrea,3,Debub Region,Germany,Berlin,13.3888599,52.5170365,3
SInt-AAU-Bhy-008-ET,Ethiopia,Addis - Mebrathayil,38.7146778,9.0295451,Eritrea,3,Gash-Barka,UK,Birmingham,-1.9026911,52.4796992,1
SInt-AAU-Bhy-026-ET,Ethiopia,Addis - Mebrathayil,38.7146778,9.0295451,Eritrea,3,Debub Region,USA,Charlotte,-80.8430827,35.2272086,1
SInt-AAU-Sgt-021-ET,Ethiopia,Addis - Mebrathayil,38.7146778,9.0295451,Eritrea,3,Debub Region,Denmark,Copenhagen,12.5700724,55.6867243,3
SInt-AAU-Bhy-010-ET,Ethiopia,Addis - Mebrathayil,38.7146778,9.0295451,Eritrea,3,Debub Region,Canada,Edmonton,-113.507996,53.535411,1
SInt-AAU-Sgt-008-ET,Ethiopia,Addis - Mebrathayil,38.7146778,9.0295451,Ethiopia,99,Addis Ababa,Germany,Frankfurt,8.6820917,50.1106444,11
SInt-AAU-Bhy-030-ET,Ethiopia,Addis - Mebrathayil,38.7146778,9.0295451,Eritrea,3,Debub Region,Germany,Hamburg,10.000654,53.550341,5
SInt-AAU-Sgt-015-ET,Ethiopia,Addis - Mebrathayil,38.7146778,9.0295451,Eritrea,3,Debub Region,USA,Indiana,-86.1746933,40.3270127,3
SInt-AAU-Bhy-018-ET,Ethiopia,Addis - Mebrathayil,38.7146778,9.0295451,Eritrea,3,Maekel Region,South Sudan,Juba,31.5951655,4.8472017,1
SInt-AAU-Bhy-036-ET,Ethiopia,Addis - Mebrathayil,38.7146778,9.0295451,Eritrea,3,Anseba,Eritrea,Keren,38.453606,15.780477,2
SInt-AAU-Sgt-037-ET,Ethiopia,Addis - Mebrathayil,38.7146778,9.0295451,Ethiopia,99,Addis Ababa,Norway,Kristiansand,8.018956237,58.16002277,2
SInt-AAU-Sgt-012-ET,Ethiopia,Addis - Mebrathayil,38.7146778,9.0295451,Eritrea,3,Debub Region,USA,Las Vegas,-115.148516,36.1672559,1
SInt-AAU-Sgt-027-ET,Ethiopia,Addis - Mebrathayil,38.7146778,9.0295451,Eritrea,3,Anseba,UK,London,-0.1276474,51.5073219,5
SInt-AAU-Sgt-034-ET,Ethiopia,Addis - Mebrathayil,38.7146778,9.0295451,Eritrea,3,Maekel Region,USA,Maryland,-76.9382069,39.5162234,1
SInt-AAU-Bhy-039-ET,Ethiopia,Addis - Mebrathayil,38.7146778,9.0295451,Eritrea,3,Maekel Region,Eritrea,Massawa,39.45323249,15.60973572,1
SInt-AAU-Sgt-031-ET,Ethiopia,Addis - Mebrathayil,38.7146778,9.0295451,Eritrea,3,Maekel Region,Australia,Melbourne,144.9631608,-37.8142176,2
SInt-AAU-Sgt-011-ET,Ethiopia,Addis - Mebrathayil,38.7146778,9.0295451,Ethiopia,99,Addis Ababa,USA,Minnesota,-94.6113288,45.9896587,1
SInt-AAU-Sgt-003-ET,Ethiopia,Addis - Mebrathayil,38.7146778,9.0295451,Eritrea,3,Debub Region,Russia,Moscow,37.61595328,55.74733301,1
SInt-AAU-Bhy-005-ET,Ethiopia,Addis - Mebrathayil,38.7146778,9.0295451,Eritrea,3,Maekel Region,Norway,Oslo,10.7389701,59.9133301,1
SInt-AAU-Sgt-015-ET,Ethiopia,Addis - Mebrathayil,38.7146778,9.0295451,Eritrea,3,Debub Region,France,Paris,2.3514616,48.8566969,1
SInt-AAU-Bhy-007-ET,Ethiopia,Addis - Mebrathayil,38.7146778,9.0295451,Eritrea,3,Gash-Barka,USA,Philadelphia,-75.1635262,39.9527237,1
SInt-AAU-Sgt-022-ET,Ethiopia,Addis - Mebrathayil,38.7146778,9.0295451,Eritrea,3,Gash-Barka,Italy,Rome,12.4829321,41.8933203,1
SInt-AAU-Bhy-040-ET,Ethiopia,Addis - Mebrathayil,38.7146778,9.0295451,Eritrea,3,Debub Region,Eritrea,Segeneiti,39.1901248,15.0515514,1
SInt-AAU-Sgt-027-ET,Ethiopia,Addis - Mebrathayil,38.7146778,9.0295451,Eritrea,3,Anseba,Sweden,Stockholm,18.0710935,59.3251172,4
SInt-AAU-Sgt-004-ET,Ethiopia,Addis - Mebrathayil,38.7146778,9.0295451,Eritrea,3,Maekel Region,Australia,Sydney,151.2164539,-33.8548157,2
SInt-AAU-Bhy-032-ET,Ethiopia,Addis - Mebrathayil,38.7146778,9.0295451,Eritrea,3,Debub Region,Israel,Tel Aviv,34.7818064,32.0852997,6
SInt-AAU-Bhy-014-ET,Ethiopia,Addis - Mebrathayil,38.7146778,9.0295451,Eritrea,3,Maekel Region,USA,Texas,-99.5120986,31.8160381,1
SInt-AAU-Bhy-006-ET,Ethiopia,Addis - Mebrathayil,38.7146778,9.0295451,Eritrea,3,Gash-Barka,Canada,Toronto,-79.3839347,43.6534817,4
SInt-AAU-Sgt-011-ET,Ethiopia,Addis - Mebrathayil,38.7146778,9.0295451,Ethiopia,99,Addis Ababa,USA,Virginia,-78.4927721,37.1232245,3
SInt-AAU-Sgt-002-ET,Ethiopia,Addis - Mebrathayil,38.7146778,9.0295451,Eritrea,3,Maekel Region,USA,Washington DC,-77.0365427,38.8950368,2
SInt-AAU-HAG-001-ET,Ethiopia,Afar - Asayata,41.438675,11.565831,Eritrea,3,Southern Region,Ethiopia,Afar Region,41.00809889,11.67689135,1
SInt-AAU-AHA-001-ET,Ethiopia,Afar - Asayata,41.438663,11.565831,Eritrea,3,Southern Region,USA,Boston,-71.0582912,42.3602534,1
SInt-AAU-HTA-010-ET,Ethiopia,Afar - Asayata,41.438675,11.565831,Eritrea,3,Other Region,USA,Chicago,-87.6244212,41.8755616,1
SInt-AAU-HTA-002-ET,Ethiopia,Afar - Asayata,41.438675,11.565831,Eritrea,3,Other Region,USA,Columbus,-82.99306958,39.96629194,2
SInt-AAU-HAG-026-ET,Ethiopia,Afar - Asayata,41.438675,11.565831,Eritrea,3,Southern Region,USA,Los Angeles,-118.242766,34.0536909,1
SInt-YU-KM-028-JOR,Jordan,Ajloun,35.8128458,32.3600834,Syria,4,Dar`a,United Arab Emirates,Abu Dhabi,54.3774014,24.4538352,1
SInt-YU-KM-022-JOR,Jordan,Ajloun,35.8128458,32.3600834,Syria,4,Dar`a,Jordan,Ajloun,35.8128458,32.3600834,1
SInt-YU-KM-013-JOR,Jordan,Ajloun,35.8128458,32.3600834,Syria,4,Dar`a,Kuwait,Al Farwaniah,47.9735629,29.3797091,1
SInt-YU-KM-015-JOR,Jordan,Ajloun,35.8128458,32.3600834,Syria,4,Dar`a,Jordan,Al Karak,35.7047218,31.1847222,1
SInt-YU-KM-033-JOR,Jordan,Ajloun,35.8128458,32.3600834,Syria,4,Rif Dimashq,Jordan,Al Zarqa,36.0885771,32.0668425,1
SInt-YU-KM-032-JOR,Jordan,Ajloun,35.8128458,32.3600834,Syria,4,Dar`a,Jordan,Amman,35.9239625,31.9515694,2
SInt-YU-KM-030-JOR,Jordan,Ajloun,35.8128458,32.3600834,Syria,4,Dar`a,Jordan,Azraq Camp,36.58290265,31.90647146,2
SInt-YU-KM-014-JOR,Jordan,Ajloun,35.8128458,32.3600834,Syria,4,Dar`a,Jordan,Baqaa Camp,35.520716,30.477208,1
SInt-YU-KM-026-JOR,Jordan,Ajloun,35.8128458,32.3600834,Syria,4,Dar`a,Germany,Berlin,13.3888599,52.5170365,2
SInt-YU-KM-033-JOR,Jordan,Ajloun,35.8128458,32.3600834,Syria,4,Rif Dimashq,Syria,Damascus,36.3095814,33.5130695,1
SInt-YU-KM-039-JOR,Jordan,Ajloun,35.8128458,32.3600834,Syria,4,Dar`a,USA,Georgia,-83.37866384,32.80602416,1
SInt-YU-KM-029-JOR,Jordan,Ajloun,35.8128458,32.3600834,Syria,4,Dar`a,Syria,Idlib,36.57109063,35.8600391,2
SInt-YU-KM-002-JOR,Jordan,Ajloun,35.8128458,32.3600834,Syria,4,Homs,USA,Indianapolis,-86.15404502,39.76861782,1
SInt-YU-KM-008-JOR,Jordan,Ajloun,35.8128458,32.3600834,Syria,4,Damascus,Jordan,Irbid,35.5624544,32.3851711,11
SInt-YU-KM-003-JOR,Jordan,Ajloun,35.8128458,32.3600834,Syria,4,Dar`a,Jordan,Jerash Governorate,35.89482456,32.26802557,4
SInt-YU-KM-018-JOR,Jordan,Ajloun,35.8128458,32.3600834,Syria,4,Dar`a,Kuwait,Kuwait City,47.9735629,29.3797091,2
SInt-YU-KM-019-JOR,Jordan,Ajloun,35.8128458,32.3600834,Syria,4,Dar`a,UK,London,-0.1276474,51.5073219,1
SInt-YU-KM-004-JOR,Jordan,Ajloun,35.8128458,32.3600834,Syria,4,Dar`a,USA,Michigan,-84.6824346,43.6211955,3
SInt-YU-KM-009-JOR,Jordan,Ajloun,35.8128458,32.3600834,Syria,4,Quneitra,Canada,Nova Scotia,-63.6552538,44.7335573,1
SInt-YU-KM-012-JOR,Jordan,Ajloun,35.8128458,32.3600834,Syria,4,Dar`a,Jordan,Sakrah,35.84547226,32.37069471,2
SInt-YU-KM-021-JOR,Jordan,Ajloun,35.8128458,32.3600834,Syria,4,Dar`a,Jordan,Zaatari Camp,36.3267426,32.2942395,4
SInt-AUTH-MI-301-GRC,Greece,Athens,23.7265735,37.98398982,Pakistan,5,Bhago (Kharina),Netherlands,Amsterdam,4.8936041,52.3727598,1
SInt-AUTH-NM-244-GRC,Greece,Athens,23.7265735,37.98398982,Afghanistan,1,Kunduz,Greece,Athens,23.7265735,37.98398982,3
SInt-AUTH-MI-301-GRC,Greece,Athens,23.7265735,37.98398982,Pakistan,5,Gojranwala,Pakistan,Bahri (Mandi bahauddin),73.59457177,32.33651701,2
SInt-AUTH-NM-217-GRC,Greece,Athens,23.7265735,37.98398982,Afghanistan,1,Mazari Sharif,Afghanistan,Balkh,66.8980826,36.7581256,2
SInt-AUTH-NM-248-GRC,Greece,Athens,23.7265735,37.98398982,Afghanistan,1,Kandahar,Pakistan,Balochistan,65.79611173,28.09952517,2
SInt-AUTH-NM-212-GRC,Greece,Athens,23.7265735,37.98398982,Afghanistan,1,Bamyan,Afghanistan,Bamyan,67.25,34.75,5
SInt-AUTH-MI-301-GRC,Greece,Athens,23.7265735,37.98398982,Pakistan,5,Nathu sivia/Gojranwala/Punjab,Spain,Barcelona,2.1774322,41.3828939,1
SInt-AUTH-NM-235-GRC,Greece,Athens,23.7265735,37.98398982,Afghanistan,1,Behsoud,Afghanistan,Behsoud,67.90911181,34.34818142,3
SInt-AUTH-NM-243-GRC,Greece,Athens,23.7265735,37.98398982,Afghanistan,1,Ghazni,Germany,Berlin,13.3888599,52.5170365,2
SInt-AUTH-MI-301-GRC,Greece,Athens,23.7265735,37.98398982,Pakistan,5,Kunjah, Pakistan,Bhago,73.81693784,32.73278138,1
SInt-AUTH-MI-301-GRC,Greece,Athens,23.7265735,37.98398982,Pakistan,5,Rasool Pur, Pakistan,Bilal Town,73.74378316,32.95396849,2
SInt-AUTH-NM-201-GRC,Greece,Athens,23.7265735,37.98398982,Afghanistan,1,Bamyan,Belgium,Brussels,4.359779196,50.84373495,2
SInt-AUTH-NM-230-GRC,Greece,Athens,23.7265735,37.98398982,Afghanistan,1,Mazari Sharif (Balkh),Iran,Bushehr,51.3204877,28.8936645,1
SInt-AUTH-MI-301-GRC,Greece,Athens,23.7265735,37.98398982,Pakistan,5,Chak Basawa, Pakistan,Buttar (Sialkot),74.52703365,32.49643339,1
SInt-AUTH-MI-301-GRC,Greece,Athens,23.7265735,37.98398982,Pakistan,5,Nindowal (Gujrat),Pakistan,Chak 35bc,71.6790232,29.37333183,2
SInt-AUTH-MI-301-GRC,Greece,Athens,23.7265735,37.98398982,Pakistan,5,Murala (Mandi bahauddin),Pakistan,Chak Basawa,73.55694372,32.57232654,2
SInt-AUTH-MI-301-GRC,Greece,Athens,23.7265735,37.98398982,Pakistan,5,Faisalabad, Pakistan,Daska,74.35122218,32.33109371,1
SInt-AUTH-NM-209-GRC,Greece,Athens,23.7265735,37.98398982,Afghanistan,1,Badakhshan,Afghanistan,Dysai,65.75054328,33.58546235,2
SInt-AUTH-MI-301-GRC,Greece,Athens,23.7265735,37.98398982,Pakistan,5,Lalamusa (Gujrat),Pakistan,Faislaabad,73.09478405,31.41177578,4
SInt-AUTH-MI-301-GRC,Greece,Athens,23.7265735,37.98398982,Pakistan,5,Gujrat,Germany,Frankfurt,8.6820917,50.1106444,2
SInt-AUTH-MI-301-GRC,Greece,Athens,23.7265735,37.98398982,Pakistan,5,Karachi,Pakistan,Gadhu kalan,73.48409817,32.57540012,1
SInt-AUTH-NM-223-GRC,Greece,Athens,23.7265735,37.98398982,Afghanistan,1,Ghazni,Afghanistan,Ghazni,67.828989,33.3149631,11
SInt-AUTH-NM-213-GRC,Greece,Athens,23.7265735,37.98398982,Afghanistan,1,Lale Sar Jangel,Afghanistan,Ghor,64.9201949,34.1605257,2
SInt-AUTH-MI-301-GRC,Greece,Athens,23.7265735,37.98398982,Pakistan,5,Jharanwala Silakot,Pakistan,Gojranwala,74.19412852,32.16319331,1
SInt-AUTH-MI-301-GRC,Greece,Athens,23.7265735,37.98398982,Pakistan,5,Gorala,Pakistan,Gorala,74.08101975,32.57493503,3
SInt-AUTH-MI-301-GRC,Greece,Athens,23.7265735,37.98398982,Pakistan,5,Kalaske, Pakistan,Gorala,74.08101975,32.57493503,3
SInt-AUTH-MI-301-GRC,Greece,Athens,23.7265735,37.98398982,Pakistan,5,Kalaske,Pakistan,Gujranwala,74.19412852,32.16319331,1
SInt-AUTH-MI-301-GRC,Greece,Athens,23.7265735,37.98398982,Pakistan,5,Bilal Town,Pakistan,Gujrat,74.08101975,32.57493503,14
SInt-AUTH-MI-301-GRC,Greece,Athens,23.7265735,37.98398982,Pakistan,5,Bilal Town, Pakistan,Gujrat,74.08101975,32.57493503,14
SInt-AUTH-NM-224-GRC,Greece,Athens,23.7265735,37.98398982,Afghanistan,1,Hirat,Germany,Hamburg,10.000654,53.550341,3
SInt-AUTH-MI-301-GRC,Greece,Athens,23.7265735,37.98398982,Pakistan,5,Lahore,Pakistan,Hanjrawala,73.68658452,32.0711612,4
SInt-AUTH-MI-301-GRC,Greece,Athens,23.7265735,37.98398982,Pakistan,5,Mong (Mandi bahauddin),Germany,Hannover,9.73640183,52.37727823,1
SInt-AUTH-MI-301-GRC,Greece,Athens,23.7265735,37.98398982,Pakistan,5,Gujrat,Finland,Helsinki,24.93901089,60.17071993,1
SInt-AUTH-NM-238-GRC,Greece,Athens,23.7265735,37.98398982,Afghanistan,1,Hirat,Afghanistan,Herat,62.2164003,34.3508273,3
SInt-AUTH-NM-257-GRC,Greece,Athens,23.7265735,37.98398982,Afghanistan,1,Hirat,Iran,Isfahan,51.6650002,32.6707877,2
SInt-AUTH-MN-018-GRC,Greece,Athens,23.7265735,37.98398982,Syria,4,Aleppo,Turkey,Izmir,27.1434119,38.4147331,1
SInt-AUTH-MI-301-GRC,Greece,Athens,23.7265735,37.98398982,Pakistan,5,Jokalian,Pakistan,Jokalina (Mandi bahauddin),73.78779885,32.40150911,2
SInt-AUTH-NM-221-GRC,Greece,Athens,23.7265735,37.98398982,Afghanistan,1,Baghlan,Afghanistan,Kabul,69.1776838,34.5260109,8
SInt-AUTH-MI-301-GRC,Greece,Athens,23.7265735,37.98398982,Pakistan,5,Gujrat,Pakistan,Kalaske,74.0175754,32.2445651,5
SInt-AUTH-NM-216-GRC,Greece,Athens,23.7265735,37.98398982,Afghanistan,1,Kabul,Iran,Kerman,57.301047,29.571858,2
SInt-AUTH-ST-011-GRC,Greece,Athens,23.7265735,37.98398982,DR Congo,2,Kinshasa,DR Congo,Kinshasa,15.3125974,-4.3217055,2
SInt-AUTH-MI-301-GRC,Greece,Athens,23.7265735,37.98398982,Pakistan,5,Gujrat,Pakistan,Kunjah,73.9742317,32.52999,5
SInt-AUTH-MI-301-GRC,Greece,Athens,23.7265735,37.98398982,Pakistan,5,Gujrat,Pakistan,Kuthiala shekhan (Mandi bahauddin),73.41280246,32.45949779,4
SInt-AUTH-MI-301-GRC,Greece,Athens,23.7265735,37.98398982,Pakistan,5,Bhago, Pakistan,Lahore,74.35220174,31.52829855,2
SInt-AUTH-MI-301-GRC,Greece,Athens,23.7265735,37.98398982,Pakistan,5,Gujrat,Pakistan,Lahore,74.35220174,31.52829855,2
SInt-AUTH-MI-301-GRC,Greece,Athens,23.7265735,37.98398982,Pakistan,5,Gorala, Pakistan,Lalamusa,73.95714865,32.69824962,1
SInt-AUTH-MN-065-GRC,Greece,Athens,23.7265735,37.98398982,Syria,4,Aleppo,UK,London,-0.1276474,51.5073219,2
SInt-AUTH-NM-245-GRC,Greece,Athens,23.7265735,37.98398982,Afghanistan,1,Hirat,France,Lyon,4.8320114,45.7578137,1
SInt-AUTH-MI-301-GRC,Greece,Athens,23.7265735,37.98398982,Pakistan,5,Bahawalpur,Pakistan,Malakwal,73.20844247,32.55201587,1
SInt-AUTH-MN-031-GRC,Greece,Athens,23.7265735,37.98398982,Syria,4,Aleppo,Sweden,Malmo,13.0001566,55.6052931,3
SInt-AUTH-MI-301-GRC,Greece,Athens,23.7265735,37.98398982,Pakistan,5,Nathu sivia, Pakistan,Mikiana,74.05748264,32.68180661,2
SInt-AUTH-MI-301-GRC,Greece,Athens,23.7265735,37.98398982,Pakistan,5,Gujrat,Italy,Milan,9.1905,45.4668,1
SInt-AUTH-MI-301-GRC,Greece,Athens,23.7265735,37.98398982,Pakistan,5,Daska (Silakot),Pakistan,Mong,73.51013449,32.64710377,2
SInt-AUTH-MI-301-GRC,Greece,Athens,23.7265735,37.98398982,Pakistan,5,Gujrat,Pakistan,Murala,73.62931756,32.53477321,3
SInt-AUTH-MI-301-GRC,Greece,Athens,23.7265735,37.98398982,Pakistan,5,Chak Jamal,Pakistan,Nathu sivia (Gojranwala),73.69081553,32.61096872,12
SInt-AUTH-MI-301-GRC,Greece,Athens,23.7265735,37.98398982,Pakistan,5,Mikiana,USA,New York,-74.0060152,40.7127281,1
SInt-AUTH-MI-301-GRC,Greece,Athens,23.7265735,37.98398982,Pakistan,5,Daska, Pakistan,Nindowal,74.00259739,32.69519977,1
SInt-AUTH-MI-301-GRC,Greece,Athens,23.7265735,37.98398982,Pakistan,5,Kuthiala shekhan,Pakistan,Panwan,73.59600378,31.58727145,1
SInt-AUTH-MI-301-GRC,Greece,Athens,23.7265735,37.98398982,Pakistan,5,Gujrat,France,Paris,2.3514616,48.8566969,2
SInt-AUTH-NM-253-GRC,Greece,Athens,23.7265735,37.98398982,Afghanistan,1,Logar,Pakistan,Peshawar,71.5787458,34.0123846,2
SInt-AUTH-MI-301-GRC,Greece,Athens,23.7265735,37.98398982,Pakistan,5,Hanjrawala, Pakistan,Rasool Pur,74.21962012,32.60459865,1
SInt-AUTH-MI-301-GRC,Greece,Athens,23.7265735,37.98398982,Pakistan,5,Sheikhupura,Pakistan,Rawalpindi,73.048136,33.6038766,5
SInt-AUTH-ST-005-GRC,Greece,Athens,23.7265735,37.98398982,DR Congo,2,Katanga,Greece,Samos,26.81929189,37.72461615,1
SInt-AUTH-MI-301-GRC,Greece,Athens,23.7265735,37.98398982,Pakistan,5,Shadi waal,Pakistan,Shadi waal,74.0348634,32.51177476,1
SInt-AUTH-MI-301-GRC,Greece,Athens,23.7265735,37.98398982,Pakistan,5,Nathu sivia,Pakistan,Sheikhupura,73.99038726,31.71811376,2
SInt-AUTH-NM-262-GRC,Greece,Athens,23.7265735,37.98398982,Afghanistan,1,Bamyan,Iran,Shiraz,52.5378041,29.6060218,6
SInt-AUTH-NM-202-GRC,Greece,Athens,23.7265735,37.98398982,Afghanistan,1,Ghazni,Sweden,Stockholm,18.0710935,59.3251172,1
SInt-AUTH-NM-271-GRC,Greece,Athens,23.7265735,37.98398982,Afghanistan,1,Bamyan,Australia,Sydney,151.2164539,-33.8548157,3
SInt-AUTH-NM-255-GRC,Greece,Athens,23.7265735,37.98398982,Afghanistan,1,Behsoud,Iran,Tehran,51.3896004,35.6892523,13
SInt-AUTH-ST-005-GRC,Greece,Athens,23.7265735,37.98398982,DR Congo,2,Katanga,Greece,Thessaloniki,22.95203484,40.63095871,3
SInt-AUTH-MI-301-GRC,Greece,Athens,23.7265735,37.98398982,Pakistan,5,Sheikhupura,Canada,Toronto,-79.3839347,43.6534817,1
SInt-AUTH-NM-259-GRC,Greece,Athens,23.7265735,37.98398982,Afghanistan,1,Ghazni,Austria,Vienna,16.3725042,48.2083537,2
SInt-AUTH-MI-301-GRC,Greece,Athens,23.7265735,37.98398982,Pakistan,5,Shadi waal,Pakistan,Wazirbad,74.11859512,32.44156105,1
SInt-AUTH-NM-247-GRC,Greece,Athens,23.7265735,37.98398982,Afghanistan,1,Ghazni,Switzerland,Zurich,8.5410422,47.3744489,1
SInt-FIERI-FR-005-ITA,Italy,Basaldella,13.2359222,46.0626085,Afghanistan,1,Laghman,Afghanistan,Laghman,70.183333,34.783333,3
SInt-FIERI-FR-002-ITA,Italy,Basaldella,13.2359222,46.0626085,Afghanistan,1,Parwan,Afghanistan,Parwan,68.9146703,34.9797014,2
SInt-FIERI-FR-003-ITA,Italy,Basaldella,13.2359222,46.0626085,Pakistan,5,Peshawar,Pakistan,Peshawar,71.5787458,34.0123846,2
SInt-FIERI-FR-002-ITA,Italy,Basaldella,13.2359222,46.0626085,Afghanistan,1,Parwan,Italy,Udine,13.23694604,46.0656251,1
SInt-ULEI-SL-049-COD,DR Congo,Bukavu - Bagira,28.8529724,-2.508456945,DR Congo,2,Kabare,Belgium,Brussels,4.359779196,50.84373495,1
SInt-ULEI-SL-077-COD,DR Congo,Bukavu - Bagira,28.8529724,-2.508456945,DR Congo,2,Kabare,DR Congo,Fizi,28.88063156,-4.2696783,2
SInt-ULEI-SL-077-COD,DR Congo,Bukavu - Bagira,28.8529724,-2.508456945,DR Congo,2,Kabare,DR Congo,Goma,29.225652,-1.6665685,8
SInt-ULEI-SL-070-COD,DR Congo,Bukavu - Bagira,28.8529724,-2.508456945,DR Congo,2,Kalehe,DR Congo,Haut Katanga province,28.0960296,-10.68200782,1
SInt-ULEI-SL-065-COD,DR Congo,Bukavu - Bagira,28.8529724,-2.508456945,DR Congo,2,Idjwi,DR Congo,Idjwi,29.06788307,-2.04187375,3
SInt-ULEI-SL-018-COD,DR Congo,Bukavu - Bagira,28.8529724,-2.508456945,DR Congo,2,Kabare,DR Congo,Kabare,28.90484692,-2.096064878,25
SInt-ULEI-SL-050-COD,DR Congo,Bukavu - Bagira,28.8529724,-2.508456945,DR Congo,2,Kabare,DR Congo,Kalehe,28.90484692,-2.096064878,16
SInt-ULEI-SL-059-COD,DR Congo,Bukavu - Bagira,28.8529724,-2.508456945,DR Congo,2,Kabare,DR Congo,Kalemie,29.1967172,-5.9460209,1
SInt-ULEI-SL-068-COD,DR Congo,Bukavu - Bagira,28.8529724,-2.508456945,DR Congo,2,Kabare,Uganda,Kampala,32.5813539,0.3177137,1
SInt-ULEI-SL-070-COD,DR Congo,Bukavu - Bagira,28.8529724,-2.508456945,DR Congo,2,Kalehe,DR Congo,Kindu,25.83094812,-2.39266755,1
SInt-ULEI-SL-059-COD,DR Congo,Bukavu - Bagira,28.8529724,-2.508456945,DR Congo,2,Kabare,DR Congo,Kinshasa,15.3125974,-4.3217055,1
SInt-ULEI-SL-070-COD,DR Congo,Bukavu - Bagira,28.8529724,-2.508456945,DR Congo,2,Kalehe,DR Congo,Kisangani,25.2057292,0.5184021,2
SInt-ULEI-SL-077-COD,DR Congo,Bukavu - Bagira,28.8529724,-2.508456945,DR Congo,2,Kabare,DR Congo,Lubumbashi,27.4826264,-11.6642316,1
SInt-ULEI-SL-070-COD,DR Congo,Bukavu - Bagira,28.8529724,-2.508456945,DR Congo,2,Kalehe,DR Congo,Masisi,28.81683809,-1.398643667,1
SInt-ULEI-SL-077-COD,DR Congo,Bukavu - Bagira,28.8529724,-2.508456945,DR Congo,2,Kabare,DR Congo,Misisi,26.86023743,-3.047129329,1
SInt-ULEI-SL-076-COD,DR Congo,Bukavu - Bagira,28.8529724,-2.508456945,DR Congo,2,Kalehe,DR Congo,Mwenga,28.31060895,-3.3934106,5
SInt-ULEI-SL-025-COD,DR Congo,Bukavu - Bagira,28.8529724,-2.508456945,DR Congo,2,Bukavu,DR Congo,Other neighbourhood in Bukavu,28.85056894,-2.512487117,71
SInt-ULEI-SL-075-COD,DR Congo,Bukavu - Bagira,28.8529724,-2.508456945,DR Congo,2,Kalehe,DR Congo,Shabunda,27.47020528,-2.993575,2
SInt-ULEI-SL-088-COD,DR Congo,Bukavu - Bagira,28.8529724,-2.508456945,DR Congo,2,Mwenga,DR Congo,Uvira,29.00714089,-3.1982504,3
SInt-ULEI-SL-089-COD,DR Congo,Bukavu - Bagira,28.8529724,-2.508456945,DR Congo,2,Walungu,DR Congo,Walikale/Nord Kivu Province,28.0764028,-1.4300801,1
SInt-ULEI-SL-049-COD,DR Congo,Bukavu - Bagira,28.8529724,-2.508456945,DR Congo,2,Kabare,DR Congo,Walungu,28.60005052,-2.77079795,13
SInt-ULEI-IA-068-COD,DR Congo,Bukavu - Ibanda,28.8529724,-2.508456945,DR Congo,2,Fizi,DR Congo,Fizi,28.88063156,-4.2696783,1
SInt-ULEI-IA-025-COD,DR Congo,Bukavu - Ibanda,28.8529724,-2.508456945,DR Congo,2,Walungu,DR Congo,Goma,29.225652,-1.6665685,1
SInt-ULEI-IA-046-COD,DR Congo,Bukavu - Ibanda,28.8529724,-2.508456945,DR Congo,2,Kinshasa,DR Congo,Kinshasa,15.3125974,-4.3217055,1
SInt-ULEI-IA-062-COD,DR Congo,Bukavu - Ibanda,28.8529724,-2.508456945,DR Congo,2,Bukavu,DR Congo,Other neighbourhood in Bukavu,28.85056894,-2.512487117,24
SInt-ULEI-IA-010-COD,DR Congo,Bukavu - Ibanda,28.8529724,-2.508456945,DR Congo,2,Shabunda,DR Congo,Shabunda,27.47020528,-2.993575,5
SInt-ULEI-IA-050-COD,DR Congo,Bukavu - Ibanda,28.8529724,-2.508456945,DR Congo,2,Shabunda,DR Congo,Walungu,28.60005052,-2.77079795,1
SInt-ULEI-JR-094-COD,DR Congo,Bukavu - Kadatu,28.8529724,-2.508456945,DR Congo,2,Kabare,DR Congo,Beni,29.45262832,0.497811495,1
SInt-ULEI-JR-054-COD,DR Congo,Bukavu - Kadatu,28.8529724,-2.508456945,DR Congo,2,Kabare,Germany,Bonn,7.10066,50.735851,2
SInt-ULEI-JR-034-COD,DR Congo,Bukavu - Kadatu,28.8529724,-2.508456945,DR Congo,2,Walungu,Belgium,Brussels,4.359779196,50.84373495,2
SInt-ULEI-JR-048-COD,DR Congo,Bukavu - Kadatu,28.8529724,-2.508456945,DR Congo,2,Kabare,Burundi,Bujumbura,29.36261589,-3.361246268,6
SInt-ULEI-JR-036-COD,DR Congo,Bukavu - Kadatu,28.8529724,-2.508456945,DR Congo,2,Mwenga,Tanzania,Dar-es-Salaam,39.27625184,-6.802981056,2
SInt-ULEI-JR-059-COD,DR Congo,Bukavu - Kadatu,28.8529724,-2.508456945,DR Congo,2,Mwenga,United Arab Emirates,Dubai,55.18853865,25.07428235,1
SInt-ULEI-JR-006-COD,DR Congo,Bukavu - Kadatu,28.8529724,-2.508456945,DR Congo,2,Walungu,South Africa,Durban,31.009909,-29.861825,3
SInt-ULEI-JR-021-COD,DR Congo,Bukavu - Kadatu,28.8529724,-2.508456945,DR Congo,2,Kabare,DR Congo,Goma,29.225652,-1.6665685,30
SInt-ULEI-JR-074-COD,DR Congo,Bukavu - Kadatu,28.8529724,-2.508456945,DR Congo,2,Kabare,DR Congo,Kalehe,28.90484692,-2.096064878,3
SInt-ULEI-JR-020-COD,DR Congo,Bukavu - Kadatu,28.8529724,-2.508456945,DR Congo,2,Walungu,DR Congo,Kalemie,29.1967172,-5.9460209,2
SInt-ULEI-JR-058-COD,DR Congo,Bukavu - Kadatu,28.8529724,-2.508456945,DR Congo,2,Kalehe,Uganda,Kampala,32.5813539,0.3177137,5
SInt-ULEI-JR-002-COD,DR Congo,Bukavu - Kadatu,28.8529724,-2.508456945,DR Congo,2,Walungu,DR Congo,Kampene/ Maniema province,26.6683333,-3.5942806,1
SInt-ULEI-JR-048-COD,DR Congo,Bukavu - Kadatu,28.8529724,-2.508456945,DR Congo,2,Kabare,Rwanda,Kigali,30.061507,-1.950851,7
SInt-ULEI-JR-035-COD,DR Congo,Bukavu - Kadatu,28.8529724,-2.508456945,DR Congo,2,Walungu,DR Congo,Kindu,25.83094812,-2.39266755,1
SInt-ULEI-JR-052-COD,DR Congo,Bukavu - Kadatu,28.8529724,-2.508456945,DR Congo,2,Kabare,DR Congo,Kinshasa,15.3125974,-4.3217055,15
SInt-ULEI-JR-055-COD,DR Congo,Bukavu - Kadatu,28.8529724,-2.508456945,DR Congo,2,Walungu,DR Congo,Kisangani,25.2057292,0.5184021,1
SInt-ULEI-JR-039-COD,DR Congo,Bukavu - Kadatu,28.8529724,-2.508456945,DR Congo,2,Kabare,UK,London,-0.1276474,51.5073219,1
SInt-ULEI-JR-094-COD,DR Congo,Bukavu - Kadatu,28.8529724,-2.508456945,DR Congo,2,Kabare,DR Congo,Lubumbashi,27.4826264,-11.6642316,5
SInt-ULEI-JR-058-COD,DR Congo,Bukavu - Kadatu,28.8529724,-2.508456945,DR Congo,2,Kalehe,Canada,Montreal,-73.6103642,45.4972159,6
SInt-ULEI-JR-010-COD,DR Congo,Bukavu - Kadatu,28.8529724,-2.508456945,DR Congo,2,Walungu,Kenya,Nairobi,36.82606122,-1.30316895,1
SInt-ULEI-JR-049-COD,DR Congo,Bukavu - Kadatu,28.8529724,-2.508456945,DR Congo,2,Walungu,Norway,Oslo,10.7389701,59.9133301,1
SInt-ULEI-JR-034-COD,DR Congo,Bukavu - Kadatu,28.8529724,-2.508456945,DR Congo,2,Walungu,DR Congo,Other neighbourhood in Bukavu,28.85056894,-2.512487117,1
SInt-ULEI-JR-043-COD,DR Congo,Bukavu - Kadatu,28.8529724,-2.508456945,DR Congo,2,Kabare,France,Paris,2.3514616,48.8566969,1
SInt-ULEI-JR-054-COD,DR Congo,Bukavu - Kadatu,28.8529724,-2.508456945,DR Congo,2,Kabare,Italy,Rome,12.4829321,41.8933203,1
SInt-ULEI-JR-078-COD,DR Congo,Bukavu - Kadatu,28.8529724,-2.508456945,DR Congo,2,Walungu,Australia,Sydney,151.2164539,-33.8548157,1
SInt-ULEI-JR-033-COD,DR Congo,Bukavu - Kadatu,28.8529724,-2.508456945,DR Congo,2,Walungu,USA,Texas,-99.5120986,31.8160381,2
SInt-ULEI-JR-092-COD,DR Congo,Bukavu - Kadatu,28.8529724,-2.508456945,DR Congo,2,Kabare,DR Congo,Uvira,29.00714089,-3.1982504,4
SInt-ULEI-JR-019-COD,DR Congo,Bukavu - Kadatu,28.8529724,-2.508456945,DR Congo,2,Walungu,Tanzania,Uvira,29.1375509,-3.4055866,4
SInt-ULEI-JR-002-COD,DR Congo,Bukavu - Kadatu,28.8529724,-2.508456945,DR Congo,2,Walungu,DR Congo,Walungu,28.60005052,-2.77079795,2
SInt-ULEI-JR-059-COD,DR Congo,Bukavu - Kadatu,28.8529724,-2.508456945,DR Congo,2,Mwenga,USA,Washington DC,-77.0365427,38.8950368,2
SInt-FIERI-FR-084-ITA,Italy,Carpi (Modena),10.88585349,44.78181139,Nigeria,99,Edo State,Nigeria,Edo State,5.9722713,6.6076575,1
SInt-FIERI-FR-034-ITA,Italy,Cassacco,13.19387025,46.17526344,Togo,99,Lome,Togo,Lome,1.215829,6.130419,2
SInt-FIERI-YSH-153-ITA,Italy,Catania,15.08953247,37.50376503,Eritrea,3,Debub Region,Ethiopia,Addis Ababa,38.7612525,9.0107934,1
SInt-FIERI-YSH-173-ITA,Italy,Catania,15.08953247,37.50376503,Eritrea,3,Debub Region,Switzerland,Bellinzona,9.023278623,46.19160525,1
SInt-FIERI-YSH-153-ITA,Italy,Catania,15.08953247,37.50376503,Eritrea,3,Debub Region,Uganda,Kampala,32.5813539,0.3177137,1
SInt-FIERI-YSH-173-ITA,Italy,Catania,15.08953247,37.50376503,Eritrea,3,Debub Region,Switzerland,Zurich,8.5410422,47.3744489,1
SInt-AUTH-NM-277-GRC,Greece,Chios,26.05713365,38.38279204,Afghanistan,1,Hirat,Greece,Athens,23.7283052,37.9839412,1
SInt-AUTH-NM-277-GRC,Greece,Chios,26.05713365,38.38279204,Afghanistan,1,Hirat,Germany,Berlin,13.3888599,52.5170365,1
SInt-AUTH-NM-276-GRC,Greece,Chios,26.05713365,38.38279204,Afghanistan,1,Badakhshan,Iran,Bushehr,51.3204877,28.8936645,2
SInt-AUTH-NM-279-GRC,Greece,Chios,26.05713365,38.38279204,Afghanistan,1,Wardak,Germany,Hamburg,10.000654,53.550341,1
SInt-AUTH-NM-284-GRC,Greece,Chios,26.05713365,38.38279204,Afghanistan,1,Hirat,Afghanistan,Herat,62.2164003,34.3508273,2
SInt-AUTH-NM-275-GRC,Greece,Chios,26.05713365,38.38279204,Afghanistan,1,Kabul,Afghanistan,Kabul,69.1776838,34.5260109,12
SInt-AUTH-NM-286-GRC,Greece,Chios,26.05713365,38.38279204,Afghanistan,1,Kabul,UK,Liverpool,-2.99168,53.4071991,1
SInt-AUTH-NM-285-GRC,Greece,Chios,26.05713365,38.38279204,Afghanistan,1,Hirat,Iran,Mashhad,59.6059232,36.2974945,2
SInt-AUTH-NM-284-GRC,Greece,Chios,26.05713365,38.38279204,Afghanistan,1,Hirat,Iran,Tehran,51.3896004,35.6892523,1
SInt-FIERI-FR-031-ITA,Italy,Cividale,13.43013174,46.09487279,Pakistan,5,Punjab,India,Punjab,72,31,2
SInt-FIERI-FR-032-ITA,Italy,Cividale,13.43013174,46.09487279,Mali,99,Segou,Mali,Segou,-5.991121103,14.0492494,2
SInt-FIERI-YSH-177-ITA,Italy,Fonte Nuova,12.48317519,41.89861642,Eritrea,3,Northern Region,UK,Birmingham,-1.893930997,52.48155053,1
SInt-FIERI-YSH-177-ITA,Italy,Fonte Nuova,12.48317519,41.89861642,Eritrea,3,Northern Region,Norway,Oslo,10.7389701,59.9133301,1
SInt-FIERI-GG-002-ITA,Italy,Imperia,8.040475894,43.89211375,Pakistan,5,Punjab,United Arab Emirates,Dubai,55.18853865,25.07428235,1
SInt-FIERI-GG-006-ITA,Italy,Imperia,8.040475894,43.89211375,Guinea,99,Kankan,Guinea,Kankan,-9.3175166,10.6248355,5
SInt-FIERI-GG-005-ITA,Italy,Imperia,8.040475894,43.89211375,Mali,99,Diabira/Kayes,France,Paris,2.3514616,48.8566969,3
SInt-YU-WA-043-JOR,Jordan,Irbid City,35.8493023,32.5556091,Syria,4,Dar`a,United Arab Emirates,Abu Dhabi,54.3774014,24.4538352,3
SInt-YU-TY-052-JOR,Jordan,Irbid City,35.8493023,32.5556091,Syria,4,Dar`a,Jordan,Ajloun,35.8128458,32.3600834,1
SInt-YU-WA-017-JOR,Jordan,Irbid City,35.8493023,32.5556091,Syria,4,Dar`a,United Arab Emirates,Al Ain,55.7474052,24.2258413,3
SInt-YU-WA-036-JOR,Jordan,Irbid City,35.8493023,32.5556091,Syria,4,Dar`a,Saudi Arabia,Al Dammam,50.1039991,26.4367824,1
SInt-YU-WA-039-JOR,Jordan,Irbid City,35.8493023,32.5556091,Syria,4,Aleppo,Syria,Aleppo,37.1637253,36.19924,1
SInt-YU-TY-009-JOR,Jordan,Irbid City,35.8493023,32.5556091,Syria,4,Dar`a,Jordan,Al-Ramtha,36.006944,32.559167,10
SInt-YU-TY-007-JOR,Jordan,Irbid City,35.8493023,32.5556091,Syria,4,Damascus,Jordan,Amman,35.9239625,31.9515694,19
SInt-YU-WA-009-JOR,Jordan,Irbid City,35.8493023,32.5556091,Syria,4,Dar`a,Netherlands,Amsterdam,4.8936041,52.3727598,1
SInt-YU-TY-040-JOR,Jordan,Irbid City,35.8493023,32.5556091,Syria,4,Dar`a,Jordan,Azraq Camp,36.8161831,31.833333,1
SInt-YU-WA-039-JOR,Jordan,Irbid City,35.8493023,32.5556091,Syria,4,Aleppo,Bahrain,Bahrain,50.56006758,26.04807021,1
SInt-YU-WA-010-JOR,Jordan,Irbid City,35.8493023,32.5556091,Syria,4,Damascus,Lebanon,Beirut,35.49346702,33.89263326,2
SInt-YU-WA-005-JOR,Jordan,Irbid City,35.8493023,32.5556091,Syria,4,Dar`a,Germany,Berlin,13.3888599,52.5170365,11
SInt-YU-WA-020-JOR,Jordan,Irbid City,35.8493023,32.5556091,Syria,4,Aleppo,Syria,Damascus,36.3095814,33.5130695,7
SInt-YU-TY-018-JOR,Jordan,Irbid City,35.8493023,32.5556091,Syria,4,Dar`a,Syria,Dar'a,36.1109696,32.6224342,37
SInt-YU-WA-014-JOR,Jordan,Irbid City,35.8493023,32.5556091,Syria,4,Dar`a,Qatar,Doha,51.5158119,25.317513,6
SInt-YU-WA-020-JOR,Jordan,Irbid City,35.8493023,32.5556091,Syria,4,Aleppo,United Arab Emirates,Dubai,55.18853865,25.07428235,7
SInt-YU-WA-025-JOR,Jordan,Irbid City,35.8493023,32.5556091,Syria,4,Damascus,Germany,Frankfurt,8.6820917,50.1106444,3
SInt-YU-WA-001-JOR,Jordan,Irbid City,35.8493023,32.5556091,Syria,4,Dar`a,Canada,Fredericton,-66.64737084,45.95737568,1
SInt-YU-WA-041-JOR,Jordan,Irbid City,35.8493023,32.5556091,Syria,4,Hamah,Syria,Hamah,36.75538653,35.13892974,1
SInt-YU-WA-040-JOR,Jordan,Irbid City,35.8493023,32.5556091,Syria,4,Homs,Syria,Homs,36.7166667,34.7333334,1
SInt-YU-TY-010-JOR,Jordan,Irbid City,35.8493023,32.5556091,Syria,4,Dar`a,Jordan,Irbid,35.5624544,32.3851711,11
SInt-YU-WA-004-JOR,Jordan,Irbid City,35.8493023,32.5556091,Syria,4,Dar`a,Turkey,Istanbul,28.9651646,41.0096334,1
SInt-YU-WA-037-JOR,Jordan,Irbid City,35.8493023,32.5556091,Syria,4,Dar`a,Saudi Arabia,Jeddah,39.1653612,21.5810088,2
SInt-YU-WA-007-JOR,Jordan,Irbid City,35.8493023,32.5556091,Syria,4,Dar`a,Kuwait,Kuwait City,47.9735629,29.3797091,11
SInt-YU-WA-035-JOR,Jordan,Irbid City,35.8493023,32.5556091,Syria,4,Dar`a,UK,London,-0.1276474,51.5073219,1
SInt-YU-TY-008-JOR,Jordan,Irbid City,35.8493023,32.5556091,Syria,4,Damascus,Jordan,Mafraq,38.13152652,32.5363788,1
SInt-YU-WA-011-JOR,Jordan,Irbid City,35.8493023,32.5556091,Syria,4,Dar`a,Germany,Munster,7.627544659,51.96172889,2
SInt-YU-WA-039-JOR,Jordan,Irbid City,35.8493023,32.5556091,Syria,4,Aleppo,France,Paris,2.3514616,48.8566969,5
SInt-YU-WA-002-JOR,Jordan,Irbid City,35.8493023,32.5556091,Syria,4,Dar`a,Czech Republic,Prague,14.42338775,50.08811996,3
SInt-YU-WA-010-JOR,Jordan,Irbid City,35.8493023,32.5556091,Syria,4,Damascus,Kuwait,Salmiya,48.0684884,29.3328242,13
SInt-YU-WA-027-JOR,Jordan,Irbid City,35.8493023,32.5556091,Syria,4,Dar`a,Sweden,Stockholm,18.0710935,59.3251172,4
SInt-YU-WA-009-JOR,Jordan,Irbid City,35.8493023,32.5556091,Syria,4,Dar`a,Canada,Toronto,-79.3839347,43.6534817,1
SInt-YU-WA-034-JOR,Jordan,Irbid City,35.8493023,32.5556091,Syria,4,Dar`a,Lebanon,Tripoli,35.8225116,34.4453581,1
SInt-YU-TY-002-JOR,Jordan,Irbid City,35.8493023,32.5556091,Syria,4,Damascus,Jordan,Zaatari Camp,36.3267426,32.2942395,2
SInt-YU-TY-007-JOR,Jordan,Irbid City,35.8493023,32.5556091,Syria,4,Damascus,Jordan,Zarqa,36.0885771,32.0668425,5
SInt-SHARP-AI-009-PAK,Pakistan,Islamabad,73.035,33.7352,Afghanistan,1,Logar,Pakistan,Attock,72.35999201,33.76681271,1
SInt-SHARP-AI-003-PAK,Pakistan,Islamabad,73.035,33.7352,Pakistan,5,,Afghanistan,Baghlan,68.74626149,36.17958989,1
SInt-SHARP-SK-252-PAK,Pakistan,Islamabad,73.035,33.7352,Afghanistan,1,Kabul,Pakistan,Hari Pur,72.93069066,34.00183104,1
SInt-SHARP-AI-009-PAK,Pakistan,Islamabad,73.035,33.7352,Afghanistan,1,Logar,Afghanistan,Jalalabad,70.460128,34.430195,3
SInt-SHARP-ZA-228-PAK,Pakistan,Islamabad,73.035,33.7352,Afghanistan,1,Kunduz,Afghanistan,Kabul,69.1776838,34.5260109,1
SInt-SHARP-ZA-248-PAK,Pakistan,Islamabad,73.035,33.7352,Afghanistan,1,Kabul,Pakistan,Karachi,67.0207055,24.8546842,3
SInt-SHARP-SK-254-PAK,Pakistan,Islamabad,73.035,33.7352,Afghanistan,1,Kunduz,Pakistan,Kohat,71.4399944,33.5967144,3
SInt-SHARP-SK-251-PAK,Pakistan,Islamabad,73.035,33.7352,Afghanistan,1,Kunduz,Pakistan,Lahore,74.3141829,31.5656822,3
SInt-SHARP-ZA-239-PAK,Pakistan,Islamabad,73.035,33.7352,Afghanistan,1,Kandahar,Pakistan,Mardan,72.0451467,34.1937969,3
SInt-SHARP-AI-269-PAK,Pakistan,Islamabad,73.035,33.7352,Afghanistan,1,Parwan,Pakistan,Mianwali,71.5239763,32.5705533,1
SInt-SHARP-AI-008-PAK,Pakistan,Islamabad,73.035,33.7352,Pakistan,5,,Afghanistan,Naraykareem,65.75054328,33.58546235,2
SInt-SHARP-SK-252-PAK,Pakistan,Islamabad,73.035,33.7352,Afghanistan,1,Kabul,Pakistan,Peshawar,71.5787458,34.0123846,11
SInt-SHARP-AI-271-PAK,Pakistan,Islamabad,73.035,33.7352,Afghanistan,1,Kabul,Pakistan,Quetta,67.0172447,30.1957677,3
SInt-SHARP-AI-271-PAK,Pakistan,Islamabad,73.035,33.7352,Afghanistan,1,Kabul,Pakistan,Rawalpindi,73.048136,33.6038766,2
SInt-SHARP-AI-007-PAK,Pakistan,Islamabad,73.035,33.7352,Pakistan,5,,Pakistan,Sangjani,72.84830088,33.67557082,1
SInt-SHARP-AI-007-PAK,Pakistan,Islamabad,73.035,33.7352,Pakistan,5,,Pakistan,Sawabi,72.4733733,34.12781869,1
SInt-SHARP-AI-009-PAK,Pakistan,Islamabad,73.035,33.7352,Afghanistan,1,Logar,Pakistan,Topi,72.62084089,34.07800367,1
SInt-SHARP-AI-004-PAK,Pakistan,Islamabad,73.035,33.7352,Pakistan,5,,Afghanistan,Turkestan,67.12728179,36.71710992,1
SInt-SHARP-AI-175-PAK,Pakistan,Karachi,67.2308,25.0035,Afghanistan,1,Faryab,Iraq,Baghdad,44.3787992,33.3024309,1
SInt-SHARP-AR-179-PAK,Pakistan,Karachi,67.2308,25.0035,Afghanistan,1,Kandahar,Pakistan,Charsadda,71.7517705,34.16916546,1
SInt-SHARP-AI-176-PAK,Pakistan,Karachi,67.2308,25.0035,Afghanistan,1,Kabul,Qatar,Doha,51.5158119,25.317513,2
SInt-SHARP-NS-203-PAK,Pakistan,Karachi,67.2308,25.0035,Afghanistan,1,Kunduz,Iran,Isfahan,51.6650002,32.6707877,1
SInt-SHARP-SK-223-PAK,Pakistan,Karachi,67.2308,25.0035,Afghanistan,1,Kandahar,Pakistan,Lahore,74.3141829,31.5656822,3
SInt-SHARP-AR-185-PAK,Pakistan,Karachi,67.2308,25.0035,Afghanistan,1,Kabul,Pakistan,Loralai,68.59588183,30.37912538,1
SInt-SHARP-NS-199-PAK,Pakistan,Karachi,67.2308,25.0035,Afghanistan,1,Kabul,Pakistan,Mardan,72.0451467,34.1937969,2
SInt-SHARP-AI-178-PAK,Pakistan,Karachi,67.2308,25.0035,Afghanistan,1,Baghlan,Iran,Mashhad,59.61927416,36.2687579,2
SInt-SHARP-NS-201-PAK,Pakistan,Karachi,67.2308,25.0035,Afghanistan,1,Baghlan,Pakistan,Mirpur Khas,69.0158197,25.52350484,1
SInt-SHARP-AI-178-PAK,Pakistan,Karachi,67.2308,25.0035,Afghanistan,1,Baghlan,Oman,Muscat,58.3829448,23.5882019,2
SInt-SHARP-SK-236-PAK,Pakistan,Karachi,67.2308,25.0035,Afghanistan,1,Kunduz,USA,New York,-74.0060152,40.7127281,1
SInt-SHARP-ZA-208-PAK,Pakistan,Karachi,67.2308,25.0035,Afghanistan,1,Kunduz,Pakistan,Noshera,74.3038717,32.6450663,2
SInt-SHARP-AR-179-PAK,Pakistan,Karachi,67.2308,25.0035,Afghanistan,1,Kandahar,Pakistan,Peshawar,71.5787458,34.0123846,8
SInt-SHARP-AR-182-PAK,Pakistan,Karachi,67.2308,25.0035,Afghanistan,1,Faryab,Pakistan,Quetta,67.0172447,30.1957677,7
SInt-SHARP-SK-224-PAK,Pakistan,Karachi,67.2308,25.0035,Afghanistan,1,Baghlan,Pakistan,Rawalpindi,73.048136,33.6038766,2
SInt-SHARP-NS-195-PAK,Pakistan,Karachi,67.2308,25.0035,Afghanistan,1,Kunduz,Pakistan,Swabi,72.46118534,34.12469244,1
SInt-SHARP-AI-172-PAK,Pakistan,Karachi,67.2308,25.0035,Afghanistan,1,Baghlan,Iran,Tehran,51.3896004,35.6892523,4
SInt-SHARP-AI-048-PAK,Pakistan,Karachi,67.2308,25.0035,Afghanistan,1,Kabul,Canada,Toronto,-79.3839347,43.6534817,4
SInt-SHARP-AR-412-PAK,Pakistan,Lahore,74.3142,31.5658,Afghanistan,1,Baghlan,Pakistan,Bannu,70.64132568,32.9936353,2
SInt-SHARP-AR-403-PAK,Pakistan,Lahore,74.3142,31.5658,Pakistan,5,,Pakistan,Chakwal,72.86071176,32.93305316,1
SInt-SHARP-AI-035-PAK,Pakistan,Lahore,74.3142,31.5658,Afghanistan,1,Kunduz,Pakistan,Gujranwala,74.19412852,32.16319331,1
SInt-SHARP-ZA-157-PAK,Pakistan,Lahore,74.3142,31.5658,Afghanistan,1,Kandahar,Pakistan,Gujrat,74.08101975,32.57493503,1
SInt-SHARP-AR-405-PAK,Pakistan,Lahore,74.3142,31.5658,Afghanistan,1,Baghlan,Pakistan,Hari Pur,72.93069066,34.00183104,2
SInt-SHARP-ZA-153-PAK,Pakistan,Lahore,74.3142,31.5658,Afghanistan,1,Baghlan,Afghanistan,Kabul,69.1776838,34.5260109,1
SInt-SHARP-AR-409-PAK,Pakistan,Lahore,74.3142,31.5658,Afghanistan,1,Kandahar,Afghanistan,Kandahar,65.7157573,31.6205738,4
SInt-SHARP-AI-311-PAK,Pakistan,Lahore,74.3142,31.5658,Afghanistan,1,Kunduz,Pakistan,Karachi,67.0207055,24.8546842,4
SInt-SHARP-SK-315-PAK,Pakistan,Lahore,74.3142,31.5658,Afghanistan,1,Laghman,Pakistan,Kohat,71.4399944,33.5967144,2
SInt-SHARP-ZA-151-PAK,Pakistan,Lahore,74.3142,31.5658,Pakistan,5,,Pakistan,Lahore,74.3141829,31.5656822,2
SInt-SHARP-AR-413-PAK,Pakistan,Lahore,74.3142,31.5658,Afghanistan,1,Baghlan,Pakistan,Mardan,72.0451467,34.1937969,3
SInt-SHARP-AI-043-PAK,Pakistan,Lahore,74.3142,31.5658,Afghanistan,1,Faryab,Pakistan,Mianwali,71.5239763,32.5705533,10
SInt-SHARP-ZA-153-PAK,Pakistan,Lahore,74.3142,31.5658,Afghanistan,1,Baghlan,Pakistan,Multan,71.46640835,30.19186535,1
SInt-SHARP-ZA-152-PAK,Pakistan,Lahore,74.3142,31.5658,Afghanistan,1,Baghlan,Pakistan,Noshera,74.3038717,32.6450663,1
SInt-SHARP-AI-037-PAK,Pakistan,Lahore,74.3142,31.5658,Afghanistan,1,Baghlan,Pakistan,Peshawar,71.5787458,34.0123846,13
SInt-SHARP-ZA-163-PAK,Pakistan,Lahore,74.3142,31.5658,Afghanistan,1,Baghlan,Pakistan,Quetta,67.0172447,30.1957677,3
SInt-SHARP-ZA-305-PAK,Pakistan,Lahore,74.3142,31.5658,Afghanistan,1,Laghman,Pakistan,Thal,70.54453699,33.37003693,3
SInt-AUTH-NM-295-GRC,Greece,Lesbos,26.28370102,39.29403315,Afghanistan,1,Kabul,Turkey,Ankara,32.81895689,39.94310256,1
SInt-AUTH-NM-290-GRC,Greece,Lesbos,26.28370102,39.29403315,Afghanistan,1,Mazari Sharif,Afghanistan,Balkh,66.8980826,36.7581256,2
SInt-AUTH-NM-291-GRC,Greece,Lesbos,26.28370102,39.29403315,Afghanistan,1,Ghazni,Afghanistan,Ghazni,67.828989,33.3149631,2
SInt-AUTH-NM-299-GRC,Greece,Lesbos,26.28370102,39.29403315,Afghanistan,1,Kabul,Germany,Hamburg,10.000654,53.550341,1
SInt-AUTH-NM-293-GRC,Greece,Lesbos,26.28370102,39.29403315,Afghanistan,1,Kabul,Afghanistan,Kabul,69.1776838,34.5260109,5
SInt-AUTH-NM-293-GRC,Greece,Lesbos,26.28370102,39.29403315,Afghanistan,1,Kabul,France,Lyon,4.8320114,45.7578137,1
SInt-AUTH-NM-295-GRC,Greece,Lesbos,26.28370102,39.29403315,Afghanistan,1,Kabul,Australia,Sydney,151.2164539,-33.8548157,2
SInt-AUTH-NM-295-GRC,Greece,Lesbos,26.28370102,39.29403315,Afghanistan,1,Kabul,Iran,Tehran,51.3896004,35.6892523,3
SInt-FIERI-FR-073-ITA,Italy,Lignano,13.10522122,45.66839444,Sudan,99,,Italy,Brescia,10.42587297,45.77958045,1
SInt-AAU-Myk-003-ET,Ethiopia,Logiya,40.97665183,11.72505682,Eritrea,3,Southern Region,Eritrea,Assab,42.7444596,13.0091289,1
SInt-YU-RH-013-JOR,Jordan,Mafraq City,36.2048577,32.3444716,Syria,4,Homs,Jordan,Al Kalidiah,36.20612102,32.3431669,1
SInt-YU-RH-030-JOR,Jordan,Mafraq City,36.2048577,32.3444716,Syria,4,Homs,Saudi Arabia,Al Qurayyat,37.96594287,30.8263242,2
SInt-YU-RH-049-JOR,Jordan,Mafraq City,36.2048577,32.3444716,Syria,4,Ar Raqqah,Syria,Al Raqqah,39.0089212,35.949678,1
SInt-YU-RH-050-JOR,Jordan,Mafraq City,36.2048577,32.3444716,Syria,4,Aleppo,Turkey,Al Reyhani,36.5672311,36.2684483,5
SInt-YU-RH-004-JOR,Jordan,Mafraq City,36.2048577,32.3444716,Syria,4,Aleppo,Syria,Aleppo,37.1637253,36.19924,6
SInt-YU-RH-045-JOR,Jordan,Mafraq City,36.2048577,32.3444716,Syria,4,Aleppo,Jordan,Al-Ghor (Jordan valley),35.5742333,32.31100096,1
SInt-YU-RH-042-JOR,Jordan,Mafraq City,36.2048577,32.3444716,Syria,4,Dar`a,Jordan,Al-Ramtha,36.006944,32.559167,1
SInt-YU-RH-002-JOR,Jordan,Mafraq City,36.2048577,32.3444716,Syria,4,Aleppo,Jordan,Amman,35.9239625,31.9515694,5
SInt-YU-RH-009-JOR,Jordan,Mafraq City,36.2048577,32.3444716,Syria,4,Aleppo,Jordan,Azraq Camp,36.8161831,31.833333,3
SInt-YU-RH-034-JOR,Jordan,Mafraq City,36.2048577,32.3444716,Syria,4,Homs,Lebanon,Baalbek,36.20794996,34.00493702,2
SInt-YU-RH-023-JOR,Jordan,Mafraq City,36.2048577,32.3444716,Syria,4,Homs,Lebanon,Baqaa Camp,35.83265535,33.6746204,3
SInt-YU-RH-009-JOR,Jordan,Mafraq City,36.2048577,32.3444716,Syria,4,Aleppo,Lebanon,Beirut,35.49346702,33.89263326,3
SInt-YU-RH-010-JOR,Jordan,Mafraq City,36.2048577,32.3444716,Syria,4,Homs,Lebanon,Chtaura,35.8530922,33.81525206,1
SInt-YU-RH-038-JOR,Jordan,Mafraq City,36.2048577,32.3444716,Syria,4,Damascus,Syria,Damascus,36.3095814,33.5130695,1
SInt-YU-RH-042-JOR,Jordan,Mafraq City,36.2048577,32.3444716,Syria,4,Dar`a,Syria,Dar'a,36.1109696,32.6224342,1
SInt-YU-RH-055-JOR,Jordan,Mafraq City,36.2048577,32.3444716,Syria,4,Homs,Qatar,Doha,51.5158119,25.317513,1
SInt-YU-RH-055-JOR,Jordan,Mafraq City,36.2048577,32.3444716,Syria,4,Homs,Turkey,Gaziantep,37.38288119,37.06587395,1
SInt-YU-RH-031-JOR,Jordan,Mafraq City,36.2048577,32.3444716,Syria,4,Homs,Saudi Arabia,Hafar al Batin,45.97803032,28.38497082,1
SInt-YU-AGS-001-JOR,Jordan,Mafraq City,36.2048577,32.3444716,Syria,4,Dar`a,Syria,Hamah,36.75538653,35.13892974,2
SInt-YU-RH-001-JOR,Jordan,Mafraq City,36.2048577,32.3444716,Syria,4,Homs,Syria,Homs,36.7166667,34.7333334,24
SInt-YU-RH-011-JOR,Jordan,Mafraq City,36.2048577,32.3444716,Syria,4,Aleppo,Syria,Idlib,36.57109063,35.8600391,5
SInt-YU-RH-017-JOR,Jordan,Mafraq City,36.2048577,32.3444716,Syria,4,Homs,Jordan,Irbid,35.5624544,32.3851711,1
SInt-YU-RH-029-JOR,Jordan,Mafraq City,36.2048577,32.3444716,Syria,4,Homs,Turkey,Istanbul,28.9651646,41.0096334,3
SInt-YU-AGS-002-JOR,Jordan,Mafraq City,36.2048577,32.3444716,Syria,4,Dar`a,Jordan,Mafraq,38.13152652,32.5363788,3
SInt-YU-RH-046-JOR,Jordan,Mafraq City,36.2048577,32.3444716,Syria,4,Homs,Saudi Arabia,Riyadh,46.69051757,24.73412918,1
SInt-YU-RH-012-JOR,Jordan,Mafraq City,36.2048577,32.3444716,Syria,4,Aleppo,Syria,Sham (indicating Damascus),36.3095814,33.5130695,1
SInt-YU-RH-027-JOR,Jordan,Mafraq City,36.2048577,32.3444716,Syria,4,Aleppo,Lebanon,Tripoli,35.8225116,34.4453581,5
SInt-YU-RH-046-JOR,Jordan,Mafraq City,36.2048577,32.3444716,Syria,4,Homs,Austria,Vienna,16.3725042,48.2083537,1
SInt-YU-RH-051-JOR,Jordan,Mafraq City,36.2048577,32.3444716,Syria,4,Homs,USA,Washington DC,-77.0365427,38.8950368,1
SInt-SHARP-AI-190-PAK,Pakistan,Mardan,72.0449,34.1942,Afghanistan,1,Kabul,Pakistan,Lahore,74.3141829,31.5656822,1
SInt-SHARP-ZA-197-PAK,Pakistan,Mardan,72.0449,34.1942,Afghanistan,1,Baghlan,Pakistan,Noshera,74.3038717,32.6450663,2
SInt-SHARP-ZA-197-PAK,Pakistan,Mardan,72.0449,34.1942,Afghanistan,1,Baghlan,Pakistan,Peshawar,71.5787458,34.0123846,4
SInt-FIERI-FR-050-ITA,Italy,Marghera,12.26419844,45.46571989,Cameroon,99,Ovest,Cameroon,Ovest,10.41690231,5.48640898,2
SInt-AAU-Mga-001-ET,Ethiopia,Mekele,39.4693274,13.49817444,Eritrea,3,Maekel Region,Ethiopia,Addis Ababa,38.7612525,9.0107934,1
SInt-FIERI-FR-051-ITA,Italy,Mestre,12.26419844,45.46571989,Nigeria,99,Delta State,Italy,Mantova,10.79110177,45.15596115,1
SInt-FIERI-YSH-131-ITA,Italy,Milan,9.183409663,45.46699671,Eritrea,3,Debub Region,Ethiopia,Addis Ababa,38.7612525,9.0107934,1
SInt-FIERI-YSH-163-ITA,Italy,Milan,9.183409663,45.46699671,Eritrea,3,Debub Region,Netherlands,Amsterdam,4.8936041,52.3727598,1
SInt-FIERI-FR-068-ITA,Italy,Milan,9.183409663,45.46699671,Senegal,99,Bignuna,Senegal,Dakar,-17.447938,14.693425,2
SInt-FIERI-YSH-163-ITA,Italy,Milan,9.183409663,45.46699671,Eritrea,3,Debub Region,Switzerland,Lausanne,6.620902772,46.51752802,1
SInt-FIERI-FR-071-ITA,Italy,Milan,9.183409663,45.46699671,Cameroon,99,,Italy,Lombardy region,9.874400841,45.62120736,1
SInt-FIERI-FR-066-ITA,Italy,Milan,9.183409663,45.46699671,Gambia,99,,UK,London,-0.1276474,51.5073219,1
SInt-FIERI-FR-062-ITA,Italy,Milan,9.183409663,45.46699671,Senegal,99,Dakar,France,Lyon,4.8320114,45.7578137,1
SInt-FIERI-FR-062-ITA,Italy,Milan,9.183409663,45.46699671,Senegal,99,Dakar,France,Paris,2.3514616,48.8566969,3
SInt-FIERI-YSH-163-ITA,Italy,Milan,9.183409663,45.46699671,Eritrea,3,Debub Region,Switzerland,Zurich,8.5410422,47.3744489,1
SInt-FIERI-FR-091-ITA,Italy,One di Fonte,11.87502879,45.78404098,Nigeria,99,Edo State,Nigeria,Edo State,5.9722713,6.6076575,5
SInt-FIERI-FR-093-ITA,Italy,One di Fonte,11.87502879,45.78404098,Nigeria,99,Edo State,Niger,Lagos,3.375958223,6.498235085,1
SInt-FIERI-YSH-181-ITA,Italy,Parma,10.32711337,44.80122418,Eritrea,3,Debub Region,Eritrea,Asmara,38.9326763,15.3389667,1
SInt-FIERI-YSH-181-ITA,Italy,Parma,10.32711337,44.80122418,Eritrea,3,Debub Region,Canada,Calgary,-114.065465,51.0460954,1
SInt-SHARP-ZA-143-PAK,Pakistan,Peshawar,71.5787,34.0125,Pakistan,5,,Pakistan,Bannu,70.64132568,32.9936353,1
SInt-SHARP-ZA-141-PAK,Pakistan,Peshawar,71.5787,34.0125,Afghanistan,1,Wardak,Belgium,Brussels,4.359779196,50.84373495,1
SInt-SHARP-AI-016-PAK,Pakistan,Peshawar,71.5787,34.0125,Afghanistan,1,Laghman,Afghanistan,Charbagh,68.5875612,35.5964572,4
SInt-SHARP-NS-220-PAK,Pakistan,Peshawar,71.5787,34.0125,Pakistan,5,,Pakistan,Hangu,71.06048781,33.52341856,4
SInt-SHARP-ZA-142-PAK,Pakistan,Peshawar,71.5787,34.0125,Pakistan,5,,Pakistan,Hari Pur,72.93069066,34.00183104,1
SInt-SHARP-AI-027-PAK,Pakistan,Peshawar,71.5787,34.0125,Afghanistan,1,Laghman,Afghanistan,Jalalabad,70.460128,34.430195,2
SInt-SHARP-SK-313-PAK,Pakistan,Peshawar,71.5787,34.0125,Afghanistan,1,Kabul,Afghanistan,Kabul,69.1776838,34.5260109,5
SInt-SHARP-ZA-142-PAK,Pakistan,Peshawar,71.5787,34.0125,Pakistan,5,,Pakistan,Kohat,71.4399944,33.5967144,1
SInt-SHARP-SK-313-PAK,Pakistan,Peshawar,71.5787,34.0125,Afghanistan,1,Kabul,Afghanistan,Laghman,70.183333,34.783333,7
SInt-SHARP-SK-315-PAK,Pakistan,Peshawar,71.5787,34.0125,Afghanistan,1,Kabul,UK,London,-0.1276474,51.5073219,1
SInt-SHARP-ZA-144-PAK,Pakistan,Peshawar,71.5787,34.0125,Afghanistan,1,Faryab,Pakistan,Peshawar,71.5787458,34.0123846,12
SInt-SHARP-AI-013-PAK,Pakistan,Peshawar,71.5787,34.0125,Afghanistan,1,Kabul,Australia,Sydney,151.2164539,-33.8548157,2
SInt-SHARP-ZA-141-PAK,Pakistan,Peshawar,71.5787,34.0125,Afghanistan,1,Wardak,Canada,Toronto,-79.3839347,43.6534817,1
SInt-FIERI-FR-041-ITA,Italy,Possagno,11.87479106,45.8522677,Syria,4,Tartus,Italy,Rome,12.4829321,41.8933203,1
SInt-YU-RA-033-JOR,Jordan,Ramtha Area,36.010167,32.558748,Syria,4,Dar`a,United Arab Emirates,Abu Dhabi,54.3774014,24.4538352,1
SInt-YU-RA-023-JOR,Jordan,Ramtha Area,36.010167,32.558748,Syria,4,Aleppo,Syria,Aleppo,37.1637253,36.19924,2
SInt-YU-RA-023-JOR,Jordan,Ramtha Area,36.010167,32.558748,Syria,4,Aleppo,Turkey,Ankara,32.81895689,39.94310256,1
SInt-YU-RA-001-JOR,Jordan,Ramtha Area,36.010167,32.558748,Syria,4,Dar`a,Lebanon,Beirut,35.49346702,33.89263326,1
SInt-YU-RA-022-JOR,Jordan,Ramtha Area,36.010167,32.558748,Syria,4,Dar`a,Libya,Benghazi,20.08268964,32.11086848,1
SInt-YU-RA-034-JOR,Jordan,Ramtha Area,36.010167,32.558748,Syria,4,Dar`a,Germany,Berlin,13.3888599,52.5170365,2
SInt-YU-RA-026-JOR,Jordan,Ramtha Area,36.010167,32.558748,Syria,4,Dar`a,Syria,Damascus,36.3095814,33.5130695,2
SInt-YU-RA-007-JOR,Jordan,Ramtha Area,36.010167,32.558748,Syria,4,Dar`a,Syria,Dar'a,36.1109696,32.6224342,5
SInt-YU-RA-022-JOR,Jordan,Ramtha Area,36.010167,32.558748,Syria,4,Dar`a,Germany,Hamburg,10.000654,53.550341,1
SInt-YU-RA-026-JOR,Jordan,Ramtha Area,36.010167,32.558748,Syria,4,Dar`a,Syria,Homs,36.7166667,34.7333334,2
SInt-YU-RA-025-JOR,Jordan,Ramtha Area,36.010167,32.558748,Syria,4,Dar`a,Syria,Idlib,36.57109063,35.8600391,2
SInt-YU-RA-023-JOR,Jordan,Ramtha Area,36.010167,32.558748,Syria,4,Aleppo,Turkey,Istanbul,28.9651646,41.0096334,1
SInt-YU-RA-001-JOR,Jordan,Ramtha Area,36.010167,32.558748,Syria,4,Dar`a,UK,London,-0.1276474,51.5073219,1
SInt-YU-RA-030-JOR,Jordan,Ramtha Area,36.010167,32.558748,Syria,4,Homs,Canada,Manitoba,-97.001038,55.001251,1
SInt-YU-RA-018-JOR,Jordan,Ramtha Area,36.010167,32.558748,Syria,4,Dar`a,Canada,Montreal,-73.6103642,45.4972159,2
SInt-YU-RA-007-JOR,Jordan,Ramtha Area,36.010167,32.558748,Syria,4,Dar`a,UK,Northern Ireland,-6.759498494,54.68027165,1
SInt-YU-RA-010-JOR,Jordan,Ramtha Area,36.010167,32.558748,Syria,4,Dar`a,Canada,Quebec City,-71.2352226,46.8259601,1
SInt-YU-RA-024-JOR,Jordan,Ramtha Area,36.010167,32.558748,Syria,4,Dar`a,Sweden,Stockholm,18.0710935,59.3251172,1
SInt-YU-RA-018-JOR,Jordan,Ramtha Area,36.010167,32.558748,Syria,4,Dar`a,Australia,Sydney,151.2164539,-33.8548157,1
SInt-YU-RA-022-JOR,Jordan,Ramtha Area,36.010167,32.558748,Syria,4,Dar`a,Libya,Tripoli,35.8225116,34.4453581,1
SInt-FIERI-YSH-158-ITA,Italy,Rieti,12.86022499,42.40756336,Eritrea,3,Debub Region,Norway,Kristiansand,7.964961237,58.1301855,1
SInt-FIERI-FR-040-ITA,Italy,Roma,12.48317519,41.89861642,Iran,99,,Iran,Isfahan,51.6650002,32.6707877,2
SInt-FIERI-YSH-155-ITA,Italy,Rome,12.48317519,41.89861642,Eritrea,3,Maekel Region,United Arab Emirates,Abu Dhabi,54.3774014,24.4538352,1
SInt-FIERI-YSH-116-ITA,Italy,Rome,12.48317519,41.89861642,Ethiopia,99,Addis Ababa,Ethiopia,Addis Ababa,38.7612525,9.0107934,13
SInt-FIERI-YSH-149-ITA,Italy,Rome,12.48317519,41.89861642,Eritrea,3,Debub Region,Canada,Alberta,-114.9044171,56.53801207,2
SInt-FIERI-YSH-178-ITA,Italy,Rome,12.48317519,41.89861642,Eritrea,3,Debub Region,Eritrea,Ambese Geleba,38.31663081,15.89821823,1
SInt-FIERI-YSH-119-ITA,Italy,Rome,12.48317519,41.89861642,Eritrea,3,Debub Region,Netherlands,Amsterdam,4.8936041,52.3727598,1
SInt-FIERI-YSH-118-ITA,Italy,Rome,12.48317519,41.89861642,Eritrea,3,Debub Region,Italy,Ancona,13.21879061,43.4801204,1
SInt-FIERI-YSH-151-ITA,Italy,Rome,12.48317519,41.89861642,Eritrea,3,Debub Region,Belgium,Antwerpen,4.3997081,51.2211097,2
SInt-FIERI-YSH-121-ITA,Italy,Rome,12.48317519,41.89861642,Eritrea,3,Debub Region,USA,Arizona,-112.1659424,33.90317565,1
SInt-FIERI-YSH-179-ITA,Italy,Rome,12.48317519,41.89861642,Eritrea,3,Maekel Region,Eritrea,Asmara,38.9326763,15.3389667,2
SInt-FIERI-YSH-169-ITA,Italy,Rome,12.48317519,41.89861642,Eritrea,3,Maekel Region,Norway,Bergen,5.321298356,60.39141396,1
SInt-FIERI-YSH-105-ITA,Italy,Rome,12.48317519,41.89861642,Eritrea,3,Anseba,Germany,Berlin,13.3888599,52.5170365,3
SInt-FIERI-YSH-111-ITA,Italy,Rome,12.48317519,41.89861642,Eritrea,3,Debub Region,Switzerland,Bern,7.449432948,46.94823494,1
SInt-FIERI-YSH-111-ITA,Italy,Rome,12.48317519,41.89861642,Eritrea,3,Debub Region,UK,Birmingham,-1.893930997,52.48155053,1
SInt-FIERI-YSH-171-ITA,Italy,Rome,12.48317519,41.89861642,Eritrea,3,Anseba,Sweden,Boden,21.666667,65.833333,2
SInt-FIERI-YSH-196-ITA,Italy,Rome,12.48317519,41.89861642,Eritrea,3,Maekel Region,Italy,Bologna,11.3430308,44.4937577,1
SInt-FIERI-YSH-156-ITA,Italy,Rome,12.48317519,41.89861642,Eritrea,3,Debub Region,USA,Boston,-71.0582912,42.3602534,2
SInt-FIERI-YSH-137-ITA,Italy,Rome,12.48317519,41.89861642,Eritrea,3,Debub Region,Belgium,Brussels,4.359779196,50.84373495,2
SInt-FIERI-YSH-123-ITA,Italy,Rome,12.48317519,41.89861642,Eritrea,3,Anseba,Norway,Budo,14.3825834,67.2839476,1
SInt-FIERI-YSH-112-ITA,Italy,Rome,12.48317519,41.89861642,Eritrea,3,Debub Region,Egypt,Cairo,31.24902248,30.05086615,1
SInt-FIERI-YSH-126-ITA,Italy,Rome,12.48317519,41.89861642,Eritrea,3,Debub Region,Canada,Calgary,-114.065465,51.0460954,2
SInt-FIERI-YSH-199-ITA,Italy,Rome,12.48317519,41.89861642,Ethiopia,99,Addis Ababa,USA,California,-118.755997,36.7014631,2
SInt-FIERI-YSH-111-ITA,Italy,Rome,12.48317519,41.89861642,Eritrea,3,Debub Region,Denmark,Copenhagen,12.5700724,55.6867243,1
SInt-FIERI-YSH-110-ITA,Italy,Rome,12.48317519,41.89861642,Eritrea,3,Debub Region,Italy,Crotone,17.12681145,39.0801487,1
SInt-FIERI-YSH-109-ITA,Italy,Rome,12.48317519,41.89861642,Eritrea,3,Debub Region,Germany,Dortmund,7.4652789,51.5142273,1
SInt-FIERI-FR-037-ITA,Italy,Rome,12.48317519,41.89861642,Cameroon,99,,Cameroon,Duala,9.706203,4.0429408,1
SInt-FIERI-YSH-176-ITA,Italy,Rome,12.48317519,41.89861642,Eritrea,3,Debub Region,Canada,Edmonton,-113.507996,53.535411,3
SInt-FIERI-YSH-112-ITA,Italy,Rome,12.48317519,41.89861642,Eritrea,3,Debub Region,Norway,Engerdal,11.94007417,61.97347215,1
SInt-FIERI-YSH-139-ITA,Italy,Rome,12.48317519,41.89861642,Eritrea,3,Anseba,Germany,Frankfurt,8.6820917,50.1106444,6
SInt-FIERI-YSH-104-ITA,Italy,Rome,12.48317519,41.89861642,Eritrea,3,Anseba,Switzerland,Geneve,6.147520137,46.20334484,1
SInt-FIERI-YSH-122-ITA,Italy,Rome,12.48317519,41.89861642,Eritrea,3,Anseba,Eritrea,Gush/Elabereed,38.62814434,15.70931523,1
SInt-FIERI-YSH-143-ITA,Italy,Rome,12.48317519,41.89861642,Eritrea,3,Debub Region,Germany,Hamburg,10.000654,53.550341,1
SInt-FIERI-YSH-133-ITA,Italy,Rome,12.48317519,41.89861642,Eritrea,3,Debub Region,South Sudan,Juba,31.57409635,4.860687786,1
SInt-FIERI-FR-046-ITA,Italy,Rome,12.48317519,41.89861642,Afghanistan,1,Parwan,Afghanistan,Kabul,69.1776838,34.5260109,1
SInt-FIERI-YSH-106-ITA,Italy,Rome,12.48317519,41.89861642,Eritrea,3,Debub Region,Uganda,Kampala,32.5813539,0.3177137,6
SInt-FIERI-YSH-126-ITA,Italy,Rome,12.48317519,41.89861642,Eritrea,3,Debub Region,Sweden,Karlstad,13.5027631,59.3809146,1
SInt-FIERI-YSH-114-ITA,Italy,Rome,12.48317519,41.89861642,Eritrea,3,Debub Region,Germany,Kassel,9.4924096,51.3154546,1
SInt-FIERI-YSH-136-ITA,Italy,Rome,12.48317519,41.89861642,Eritrea,3,Anseba,Sudan,Khartoum,32.54065604,15.57790946,3
SInt-FIERI-YSH-132-ITA,Italy,Rome,12.48317519,41.89861642,Eritrea,3,Debub Region,Denmark,Koge,12.18401864,55.45578939,1
SInt-FIERI-YSH-169-ITA,Italy,Rome,12.48317519,41.89861642,Eritrea,3,Maekel Region,Italy,Lecce,18.17343563,40.35595681,1
SInt-FIERI-YSH-122-ITA,Italy,Rome,12.48317519,41.89861642,Eritrea,3,Anseba,UK,Leeds,-1.5437941,53.7974185,2
SInt-FIERI-YSH-145-ITA,Italy,Rome,12.48317519,41.89861642,Eritrea,3,Northern Region,Sweden,Lidkoping,13.1576427,58.5037196,1
SInt-FIERI-YSH-159-ITA,Italy,Rome,12.48317519,41.89861642,Eritrea,3,Debub Region,Norway,Lillestrom,11.04877965,59.95655401,1
SInt-FIERI-YSH-155-ITA,Italy,Rome,12.48317519,41.89861642,Eritrea,3,Maekel Region,UK,Liverpool,-2.99168,53.4071991,1
SInt-FIERI-FR-052-ITA,Italy,Rome,12.48317519,41.89861642,Togo,99,Lome,Togo,Lome,1.215829,6.130419,2
SInt-FIERI-YSH-116-ITA,Italy,Rome,12.48317519,41.89861642,Ethiopia,99,Addis Ababa,UK,London,-0.1276474,51.5073219,8
SInt-FIERI-YSH-183-ITA,Italy,Rome,12.48317519,41.89861642,Eritrea,3,Debub Region,Switzerland,Lugano,8.9520281,46.0050102,1
SInt-FIERI-YSH-159-ITA,Italy,Rome,12.48317519,41.89861642,Eritrea,3,Debub Region,Ethiopia,Mai-Aini Camp,38.153946,13.654018,1
SInt-FIERI-YSH-162-ITA,Italy,Rome,12.48317519,41.89861642,Ethiopia,99,Addis Ababa,UK,Manchester,-2.2451148,53.4794892,1
SInt-FIERI-YSH-111-ITA,Italy,Rome,12.48317519,41.89861642,Eritrea,3,Debub Region,Italy,Milan,9.1905,45.4668,4
SInt-FIERI-YSH-156-ITA,Italy,Rome,12.48317519,41.89861642,Eritrea,3,Debub Region,Canada,Montreal,-73.6103642,45.4972159,1
SInt-FIERI-YSH-188-ITA,Italy,Rome,12.48317519,41.89861642,Eritrea,3,Debub Region,Sweden,Mora,14.5431333,61.0082091,1
SInt-FIERI-YSH-151-ITA,Italy,Rome,12.48317519,41.89861642,Eritrea,3,Debub Region,Kenya,Nairobi,36.82606122,-1.30316895,1
SInt-FIERI-YSH-102-ITA,Italy,Rome,12.48317519,41.89861642,Eritrea,3,Maekel Region,USA,Oakland,-122.2737693,37.80367831,1
SInt-FIERI-YSH-146-ITA,Italy,Rome,12.48317519,41.89861642,Eritrea,3,Debub Region,Denmark,Odense,10.3923197,55.39820754,1
SInt-FIERI-YSH-121-ITA,Italy,Rome,12.48317519,41.89861642,Eritrea,3,Debub Region,Switzerland,Olten,7.903034088,47.34992175,1
SInt-FIERI-YSH-135-ITA,Italy,Rome,12.48317519,41.89861642,Eritrea,3,Debub Region,Canada,Ontario,-86.000977,50.000678,1
SInt-FIERI-YSH-134-ITA,Italy,Rome,12.48317519,41.89861642,Eritrea,3,Debub Region,Norway,Oslo,10.7389701,59.9133301,4
SInt-FIERI-YSH-105-ITA,Italy,Rome,12.48317519,41.89861642,Eritrea,3,Anseba,France,Paris,2.3514616,48.8566969,1
SInt-FIERI-YSH-180-ITA,Italy,Rome,12.48317519,41.89861642,Ethiopia,99,Tigray,Italy,Pescara,13.95759011,42.3102619,1
SInt-FIERI-YSH-170-ITA,Italy,Rome,12.48317519,41.89861642,Eritrea,3,Debub Region,Saudi Arabia,Riyadh,46.7160104,24.638916,3
SInt-FIERI-YSH-184-ITA,Italy,Rome,12.48317519,41.89861642,Eritrea,3,Debub Region,Netherlands,Roermond,5.9882649,51.1933903,1
SInt-FIERI-YSH-190-ITA,Italy,Rome,12.48317519,41.89861642,Eritrea,3,Debub Region,Netherlands,Rotterdam,4.4631786,51.9228934,4
SInt-FIERI-YSH-169-ITA,Italy,Rome,12.48317519,41.89861642,Eritrea,3,Maekel Region,USA,Sacramento,-121.4910067,38.5818,1
SInt-FIERI-YSH-122-ITA,Italy,Rome,12.48317519,41.89861642,Eritrea,3,Anseba,Italy,Savona,8.252572737,44.2334238,1
SInt-FIERI-YSH-167-ITA,Italy,Rome,12.48317519,41.89861642,Eritrea,3,Maekel Region,USA,Seattle,-122.3372643,47.63053014,1
SInt-FIERI-YSH-151-ITA,Italy,Rome,12.48317519,41.89861642,Eritrea,3,Debub Region,Eritrea,Segeneiti,39.19059278,15.06130713,2
SInt-FIERI-YSH-132-ITA,Italy,Rome,12.48317519,41.89861642,Eritrea,3,Debub Region,UK,Sheffield,-1.4702278,53.3806626,1
SInt-FIERI-YSH-134-ITA,Italy,Rome,12.48317519,41.89861642,Eritrea,3,Debub Region,Ethiopia,Shire,38.28306186,14.10394365,1
SInt-FIERI-YSH-137-ITA,Italy,Rome,12.48317519,41.89861642,Eritrea,3,Debub Region,Switzerland,Solothurn,7.6698284,47.31874,2
SInt-FIERI-YSH-140-ITA,Italy,Rome,12.48317519,41.89861642,Eritrea,3,Anseba,Sweden,Stockholm,18.0710935,59.3251172,8
SInt-FIERI-YSH-184-ITA,Italy,Rome,12.48317519,41.89861642,Eritrea,3,Debub Region,Israel,Tel Aviv,34.7818064,32.0852997,3
SInt-FIERI-YSH-118-ITA,Italy,Rome,12.48317519,41.89861642,Eritrea,3,Debub Region,Switzerland,Thun,7.626697175,46.75670938,1
SInt-FIERI-YSH-116-ITA,Italy,Rome,12.48317519,41.89861642,Ethiopia,99,Addis Ababa,Canada,Toronto,-79.3839347,43.6534817,5
SInt-FIERI-YSH-152-ITA,Italy,Rome,12.48317519,41.89861642,Eritrea,3,Anseba,Norway,Trondhein,10.39428492,63.43059606,1
SInt-FIERI-YSH-123-ITA,Italy,Rome,12.48317519,41.89861642,Eritrea,3,Anseba,Italy,Udine,13.23694604,46.0656251,1
SInt-FIERI-YSH-104-ITA,Italy,Rome,12.48317519,41.89861642,Eritrea,3,Anseba,Germany,Ulm,9.985009101,48.39776275,1
SInt-FIERI-YSH-102-ITA,Italy,Rome,12.48317519,41.89861642,Eritrea,3,Maekel Region,Sweden,Uppsala,17.64194864,59.86264335,1
SInt-FIERI-YSH-125-ITA,Italy,Rome,12.48317519,41.89861642,Eritrea,3,Debub Region,Canada,Vancouver,-123.1139529,49.2608724,1
SInt-FIERI-YSH-113-ITA,Italy,Rome,12.48317519,41.89861642,Eritrea,3,Debub Region,USA,Washington DC,-77.0365427,38.8950368,2
SInt-FIERI-YSH-133-ITA,Italy,Rome,12.48317519,41.89861642,Eritrea,3,Debub Region,Switzerland,Zurich,8.5410422,47.3744489,5
SInt-AAU-Mkr-004-ET,Ethiopia,Shire,38.28306186,14.10394365,Eritrea,3,Anseba,Ethiopia,Addis Ababa,38.7612525,9.0107934,2
SInt-AAU-Mkr-004-ET,Ethiopia,Shire,38.28306186,14.10394365,Eritrea,3,Anseba,Sudan,Kassela,36.40210157,15.45812244,1
SInt-AAU-Mkr-004-ET,Ethiopia,Shire,38.28306186,14.10394365,Eritrea,3,Anseba,Eritrea,Keren,38.453606,15.780477,1
SInt-AAU-Mkr-004-ET,Ethiopia,Shire,38.28306186,14.10394365,Eritrea,3,Anseba,Ethiopia,Shire,38.28294574,14.0998916,1
SInt-AAU-Awe-001-ET,Ethiopia,Tigray - Mai Aini,38.153946,13.654018,Eritrea,3,Maekel Region,Australia,Adelaide,138.5973211,-34.92294726,1
SInt-AAU-Asm-002-ET,Ethiopia,Tigray - Mai Aini,38.153946,13.654018,Eritrea,3,Debub Region,Netherlands,Amsterdam,4.8936041,52.3727598,2
SInt-AAU-Awe-030-ET,Ethiopia,Tigray - Mai Aini,38.153946,13.654018,Eritrea,3,Debub Region,New Zealand,Auckland,174.7582685,-36.85618562,1
SInt-AAU-Awe-001-ET,Ethiopia,Tigray - Mai Aini,38.153946,13.654018,Eritrea,3,Maekel Region,USA,Desmond,-80.4364445,36.0684705,2
SInt-AAU-Awe-029-ET,Ethiopia,Tigray - Mai Aini,38.153946,13.654018,Eritrea,3,Debub Region,USA,Hawai,-155.4268897,19.58726775,1
SInt-AAU-Awe-003-ET,Ethiopia,Tigray - Mai Aini,38.153946,13.654018,Eritrea,3,Southern Region,USA,Las Vegas,-115.148516,36.1672559,1
SInt-AAU-Asm-005-ET,Ethiopia,Tigray - Mai Aini,38.153946,13.654018,Eritrea,3,Debub Region,UK,London,-0.1276474,51.5073219,1
SInt-AAU-Awe-001-ET,Ethiopia,Tigray - Mai Aini,38.153946,13.654018,Eritrea,3,Maekel Region,Australia,Melbourne,144.9631608,-37.8142176,1
SInt-AAU-Awe-004-ET,Ethiopia,Tigray - Mai Aini,38.153946,13.654018,Eritrea,3,Debub Region,Germany,Munich,11.5753822,48.1371079,4
SInt-AAU-Awe-020-ET,Ethiopia,Tigray - Mai Aini,38.153946,13.654018,Eritrea,3,Debub Region,Sweden,Stockholm,18.0710935,59.3251172,1
SInt-AAU-Tes-001-ET,Ethiopia,Tigray - Mai Aini,38.153946,13.654018,Eritrea,3,Debub Region,Israel,Tel Aviv,34.7818064,32.0852997,3
SInt-AAU-Awe-034-ET,Ethiopia,Tigray - Mai Aini,38.153946,13.654018,Eritrea,3,Debub Region,USA,Washington DC,-77.0365427,38.8950368,1
SInt-AAU-Awe-001-ET,Ethiopia,Tigray - Mai Aini,38.153946,13.654018,Eritrea,3,Maekel Region,Switzerland,Zurich,8.5410422,47.3744489,1
SInt-AUTH-NM-228-GRC,Greece,Tiva,23.31901404,38.32154756,Afghanistan,1,Ghazni,Afghanistan,Ghazni,67.828989,33.3149631,2
SInt-FIERI-GG-050-ITA,Italy,Torino,7.684475733,45.07385256,Cote d'Ivoire,99,Abidjan,Ivory Coast,Abidjan,-4.016107,5.320357,4
SInt-FIERI-GG-034-ITA,Italy,Torino,7.684475733,45.07385256,Nigeria,99,Agbor,Nigeria,Agbor,6.182193,6.2578135,2
SInt-FIERI-GG-035-ITA,Italy,Torino,7.684475733,45.07385256,Mali,99,Region of Timbuktu,Mali,Bamako,-7.984739136,12.61326555,1
SInt-FIERI-GG-008-ITA,Italy,Torino,7.684475733,45.07385256,Nigeria,99,Benin City,Nigeria,Benin city,5.609161203,6.334262822,2
SInt-FIERI-GG-027-ITA,Italy,Torino,7.684475733,45.07385256,Nigeria,99,Benin City,Germany,Berlin,13.3888599,52.5170365,1
SInt-FIERI-GG-075-ITA,Italy,Torino,7.684475733,45.07385256,Senegal,99,Dakar,Senegal,Dakar,-17.447938,14.693425,3
SInt-FIERI-GG-037-ITA,Italy,Torino,7.684475733,45.07385256,Nigeria,99,Edo State,Nigeria,Edo State,5.9722713,6.6076575,4
SInt-FIERI-GG-034-ITA,Italy,Torino,7.684475733,45.07385256,Nigeria,99,Agbor,Nigeria,Ekpoma,6.075053006,6.748954869,1
SInt-FIERI-GG-001-ITA,Italy,Torino,7.684475733,45.07385256,Mali,99,Region of Timbuktu,Mali,Goundam,-3.6636275,16.4168533,3
SInt-FIERI-GG-036-ITA,Italy,Torino,7.684475733,45.07385256,Nigeria,99,Edo State,Germany,Hamburg,10.000654,53.550341,1
SInt-FIERI-GG-001-ITA,Italy,Torino,7.684475733,45.07385256,Mali,99,Region of Timbuktu,Mali,Lere,-4.901426349,15.71808062,1
SInt-FIERI-GG-027-ITA,Italy,Torino,7.684475733,45.07385256,Nigeria,99,Benin City,UK,London,-0.1276474,51.5073219,1
SInt-FIERI-GG-001-ITA,Italy,Torino,7.684475733,45.07385256,Mali,99,Region of Timbuktu,Mauritania,Nouhankchott,-15.97279556,18.0821336,1
SInt-FIERI-GG-053-ITA,Italy,Torino,7.684475733,45.07385256,Nigeria,99,Ogun state,Nigeria,Ogun State,3.4389293,6.9788582,1
SInt-FIERI-GG-034-ITA,Italy,Torino,7.684475733,45.07385256,Nigeria,99,Agbor,Nigeria,Oligie,6.220728826,6.330140948,1
SInt-FIERI-GG-077-ITA,Italy,Torino,7.684475733,45.07385256,Senegal,99,Mbour,France,Paris,2.3514616,48.8566969,1
SInt-FIERI-GG-019-ITA,Italy,Torino,7.684475733,45.07385256,Eritrea,3,Asmara,Italy,Rome,12.4829321,41.8933203,1
SInt-FIERI-FR-086-ITA,Italy,Torino,7.684475733,45.07385256,Gambia,99,Serekunda,Germany,Tubingen,9.0535531,48.5236164,1
SInt-FIERI-GG-064-ITA,Italy,Torino,7.684475733,45.07385256,Nigeria,99,Edo State,Italy,Vercelli,8.423737705,45.32234472,1
SInt-FIERI-YSH-127-ITA,Italy,Udine,13.2359222,46.0626085,Eritrea,3,Debub Region,Ethiopia,Addis Ababa,38.7612525,9.0107934,1
SInt-FIERI-FR-001-ITA,Italy,Udine,13.2359222,46.0626085,Afghanistan,1,Laghman,Belgium,Antwerpen,4.3997081,51.2211097,1
SInt-FIERI-FR-045-ITA,Italy,Udine,13.2359222,46.0626085,Pakistan,5,Punjab,Greece,Athens,23.7265735,37.98398982,1
SInt-FIERI-FR-020-ITA,Italy,Udine,13.2359222,46.0626085,Pakistan,5,Sialkot,Italy,Carpi,10.88173235,44.78374481,1
SInt-FIERI-FR-010-ITA,Italy,Udine,13.2359222,46.0626085,Pakistan,5,Punjab,Germany,Frankfurt,8.6820917,50.1106444,1
SInt-FIERI-FR-006-ITA,Italy,Udine,13.2359222,46.0626085,Pakistan,5,Gujranwala,Pakistan,Gujranwala,74.19412852,32.16319331,3
SInt-FIERI-FR-090-ITA,Italy,Udine,13.2359222,46.0626085,Pakistan,5,Gujarat,Pakistan,Gujrat,74.08101975,32.57493503,1
SInt-FIERI-FR-028-ITA,Italy,Udine,13.2359222,46.0626085,Pakistan,5,Kpk mardan sher Garh,Pakistan,KPK,71.80145746,34.12316309,2
SInt-FIERI-FR-009-ITA,Italy,Udine,13.2359222,46.0626085,Pakistan,5,Lahore,Pakistan,Lahore,74.3141829,31.5656822,1
SInt-FIERI-FR-015-ITA,Italy,Udine,13.2359222,46.0626085,Pakistan,5,Punjab,UK,London,-0.1276474,51.5073219,1
SInt-FIERI-FR-019-ITA,Italy,Udine,13.2359222,46.0626085,Afghanistan,1,Nangarhar,Sweden,Malmo,13.0001566,55.6052931,1
SInt-FIERI-FR-089-ITA,Italy,Udine,13.2359222,46.0626085,Pakistan,5,,Italy,Napoli,14.2487826,40.8359336,1
SInt-FIERI-FR-030-ITA,Italy,Udine,13.2359222,46.0626085,Afghanistan,1,Parwan,Afghanistan,Parwan,68.9146703,34.9797014,1
SInt-FIERI-FR-036-ITA,Italy,Udine,13.2359222,46.0626085,Pakistan,5,Peshawar,Pakistan,Peshawar,71.5787458,34.0123846,1
SInt-FIERI-FR-016-ITA,Italy,Udine,13.2359222,46.0626085,Pakistan,5,Kashmir,Italy,Piacenza,9.666531258,44.8476352,1
SInt-FIERI-FR-013-ITA,Italy,Udine,13.2359222,46.0626085,Pakistan,5,Gujarat,Pakistan,Punjab,72,31,16
SInt-FIERI-FR-007-ITA,Italy,Udine,13.2359222,46.0626085,Pakistan,5,Sialkot,Pakistan,Sialkot,74.54136555,32.50162307,8
SInt-FIERI-FR-029-ITA,Italy,Udine,13.2359222,46.0626085,Pakistan,5,Punjab,Italy,Venezia,12.3345898,45.4371908,1
SInt-FIERI-YSH-127-ITA,Italy,Udine,13.2359222,46.0626085,Eritrea,3,Debub Region,Switzerland,Zurich,8.5410422,47.3744489,1
SInt-FIERI-FR-060-ITA,Italy,Vicenza,11.54610747,45.54889421,Senegal,99,Mbour,Italy,Terni (Calabria),12.64282734,42.56363492,1
SInt-YU-AGS-017-JOR,Jordan,Zaatari Camp,36.3270549,32.2928659,Syria,4,Dar`a,Jordan,Al Tafelah,35.63608203,30.84042055,1
SInt-YU-AGS-010-JOR,Jordan,Zaatari Camp,36.3270549,32.2928659,Syria,4,Dar`a,Jordan,Amman,35.9239625,31.9515694,2
SInt-YU-AGS-050-JOR,Jordan,Zaatari Camp,36.3270549,32.2928659,Syria,4,Dar`a,United Arab Emirates,Dubai,55.18853865,25.07428235,1
SInt-YU-AGS-050-JOR,Jordan,Zaatari Camp,36.3270549,32.2928659,Syria,4,Dar`a,Kuwait,Kuwait City,47.9735629,29.3797091,2
SInt-YU-AGS-010-JOR,Jordan,Zaatari Camp,36.3270549,32.2928659,Syria,4,Dar`a,Jordan,Madaba,35.7949665,31.71692057,1
SInt-YU-AGS-026-JOR,Jordan,Zaatari Camp,36.3270549,32.2928659,Syria,4,Dar`a,Saudi Arabia,Madina,39.162594,25.1354363,1
SInt-YU-AGS-024-JOR,Jordan,Zaatari Camp,36.3270549,32.2928659,Syria,4,Dar`a,Jordan,Mafraq,38.13152652,32.5363788,1
SInt-YU-AGS-017-JOR,Jordan,Zaatari Camp,36.3270549,32.2928659,Syria,4,Dar`a,Jordan,Salt City,35.72429354,32.03559448,1
SInt-AAU-Ytk-016-ET,Ethiopia,Addis - Bole Arabsa,38.7146778,9.0295451,Eritrea,3,Maekel Region,Australia,,134.755,-24.7761086,2
SInt-AAU-Ytk-019-ET,Ethiopia,Addis - Bole Arabsa,38.7146778,9.0295451,Eritrea,3,Debub Region,Belgium,,4.6667145,50.6402809,2
SInt-AAU-Ytk-036-ET,Ethiopia,Addis - Bole Arabsa,38.7146778,9.0295451,Eritrea,3,Debub Region,Canada,,-107.991707,61.0666922,4
SInt-AAU-Ytk-013-ET,Ethiopia,Addis - Bole Arabsa,38.7146778,9.0295451,Eritrea,3,Maekel Region,Denmark,,10.3333283,55.670249,1
SInt-AAU-Ytk-021-ET,Ethiopia,Addis - Bole Arabsa,38.7146778,9.0295451,Eritrea,3,Debub Region,Eritrea,,37.9999668,15.9500319,3
SInt-AAU-Ytk-001-ET,Ethiopia,Addis - Bole Arabsa,38.7146778,9.0295451,Eritrea,3,Debub Region,Germany,,10.4234469,51.0834196,3
SInt-AAU-Ytk-025-ET,Ethiopia,Addis - Bole Arabsa,38.7146778,9.0295451,Eritrea,3,Debub Region,Israel,,34.8667654,31.5313113,1
SInt-AAU-Ytk-022-ET,Ethiopia,Addis - Bole Arabsa,38.7146778,9.0295451,Eritrea,3,Northern Region,New Zealand,,172.8344077,-41.5000831,1
SInt-AAU-Ytk-030-ET,Ethiopia,Addis - Bole Arabsa,38.7146778,9.0295451,Eritrea,3,Maekel Region,Saudi Arabia,,42.3528328,25.6242618,1
SInt-AAU-Ytk-024-ET,Ethiopia,Addis - Bole Arabsa,38.7146778,9.0295451,Eritrea,3,Maekel Region,South Africa,,24.991639,-28.8166236,1
SInt-AAU-Ytk-017-ET,Ethiopia,Addis - Bole Arabsa,38.7146778,9.0295451,Eritrea,3,Debub Region,Sweden,,14.5208584,59.6749712,5
SInt-AAU-Ytk-005-ET,Ethiopia,Addis - Bole Arabsa,38.7146778,9.0295451,Eritrea,3,Northern Region,Switzerland,,8.2319736,46.7985624,1
SInt-AAU-Ytk-010-ET,Ethiopia,Addis - Bole Arabsa,38.7146778,9.0295451,Eritrea,3,Debub Region,USA,,-100.4458825,39.7837304,3
SInt-AAU-Sgt-024-ET,Ethiopia,Addis - Mebrathayil,38.7146778,9.0295451,Eritrea,3,Debub Region,Angola,,17.5691241,-11.8775768,1
SInt-AAU-Ytk-040-ET,Ethiopia,Addis - Mebrathayil,38.7146778,9.0295451,Eritrea,3,Anseba,Australia,,134.755,-24.7761086,1
SInt-AAU-Bhy-042-ET,Ethiopia,Addis - Mebrathayil,38.7146778,9.0295451,Ethiopia,99,,Canada,,-107.991707,61.0666922,1
SInt-AAU-Bhy-004-ET,Ethiopia,Addis - Mebrathayil,38.7146778,9.0295451,Eritrea,3,Maekel Region,Finland,,25.9209164,63.2467777,1
SInt-AAU-Bhy-042-ET,Ethiopia,Addis - Mebrathayil,38.7146778,9.0295451,Ethiopia,99,,Germany,,10.4234469,51.0834196,1
SInt-AAU-Sgt-001-ET,Ethiopia,Addis - Mebrathayil,38.7146778,9.0295451,Eritrea,3,Debub Region,Netherlands,,5.7480821,52.5001698,1
SInt-AAU-Bhy-025-ET,Ethiopia,Addis - Mebrathayil,38.7146778,9.0295451,Eritrea,3,Debub Region,Norway,,9.0999715,60.5000209,1
SInt-AAU-Bhy-012-ET,Ethiopia,Addis - Mebrathayil,38.7146778,9.0295451,Ethiopia,99,,Sweden,,14.5208584,59.6749712,1
SInt-AAU-Ytk-039-ET,Ethiopia,Addis - Mebrathayil,38.7146778,9.0295451,Eritrea,3,Debub Region,Switzerland,,8.2319736,46.7985624,2
SInt-AAU-Bhy-002-ET,Ethiopia,Addis - Mebrathayil,38.7146778,9.0295451,Eritrea,3,Maekel Region,UK,,-3.2765753,54.7023545,1
SInt-AAU-Bhy-016-ET,Ethiopia,Addis - Mebrathayil,38.7146778,9.0295451,Eritrea,3,Debub Region,USA,,-100.4458825,39.7837304,1
SInt-AAU-HAG-001-ET,Ethiopia,Afar - Asayata,41.438675,11.565831,Eritrea,3,Southern Region,Australia,,134.755,-24.7761086,3
SInt-AAU-HAG-002-ET,Ethiopia,Afar - Asayata,41.438675,11.565831,Eritrea,3,Northern Region,Canada,,-107.991707,61.0666922,2
SInt-AAU-Myk-021-ET,Ethiopia,Afar - Asayata,41.438675,11.565831,Eritrea,3,Northern Region,Finland,,25.9209164,63.2467777,1
SInt-AAU-Myk-021-ET,Ethiopia,Afar - Asayata,41.438675,11.565831,Eritrea,3,Northern Region,Saudi Arabia,,45.23034137,23.61281077,1
SInt-AAU-HAG-001-ET,Ethiopia,Afar - Asayata,41.438675,11.565831,Eritrea,3,Southern Region,Sweden,,14.5208584,59.6749712,1
SInt-AAU-Myk-021-ET,Ethiopia,Afar - Asayata,41.438675,11.565831,Eritrea,3,Northern Region,Switzerland,,8.2319736,46.7985624,1
SInt-YU-KM-007-JOR,Jordan,Ajloun,35.8128458,32.3600834,Syria,4,Dar`a,Brazil,,-53.2,-10.3333333,1
SInt-YU-KM-039-JOR,Jordan,Ajloun,35.8128458,32.3600834,Syria,4,Dar`a,Canada,,-107.991707,61.0666922,1
SInt-YU-KM-002-JOR,Jordan,Ajloun,35.8128458,32.3600834,Syria,4,Homs,Finland,,26.10075351,61.66857175,2
SInt-YU-KM-011-JOR,Jordan,Ajloun,35.8128458,32.3600834,Syria,4,Dar`a,Germany,,10.4234469,51.0834196,3
SInt-YU-KM-002-JOR,Jordan,Ajloun,35.8128458,32.3600834,Syria,4,Homs,Sweden,,14.5208584,59.6749712,1
SInt-YU-KM-040-JOR,Jordan,Ajloun,35.8128458,32.3600834,Syria,4,Dar`a,UK,,-3.2765753,54.7023545,1
SInt-YU-KM-037-JOR,Jordan,Ajloun,35.8128458,32.3600834,Syria,4,Dar`a,USA,,-100.4458825,39.7837304,1
SInt-FIERI-FR-048-ITA,Italy,Asolo,11.9104393,45.78942541,Somalia,99,Jilib,Somalia,,49.083416,8.3676771,2
SInt-AUTH-NM-233-GRC,Greece,Athens,23.7265735,37.98398982,Afghanistan,1,Ghazni,Australia,,124.5473671,-23.10705471,2
SInt-AUTH-MN-058-GRC,Greece,Athens,23.7265735,37.98398982,Syria,4,Aleppo,Denmark,,10.3333283,55.670249,4
SInt-AUTH-ST-014-GRC,Greece,Athens,23.7265735,37.98398982,DR Congo,2,Kinshasa,DR Congo,,23.8222636,-2.9814344,2
SInt-AUTH-NM-211-GRC,Greece,Athens,23.7265735,37.98398982,Afghanistan,1,Ghazni,Finland,,25.9209164,63.2467777,1
SInt-AUTH-MN-015-GRC,Greece,Athens,23.7265735,37.98398982,Syria,4,Dayr Az-Zawr,France,,1.8883335,46.603354,2
SInt-AUTH-MN-011-GRC,Greece,Athens,23.7265735,37.98398982,Syria,4,Aleppo,Germany,,10.4234469,51.0834196,73
SInt-AUTH-NM-239-GRC,Greece,Athens,23.7265735,37.98398982,Afghanistan,1,Mazari Sharif (Balkh),Iran,,53.72410651,32.16005174,4
SInt-AUTH-MN-052-GRC,Greece,Athens,23.7265735,37.98398982,Syria,4,Dayr Az-Zawr,Malta,,14.4476911,35.8885993,2
SInt-AUTH-NM-244-GRC,Greece,Athens,23.7265735,37.98398982,Afghanistan,1,Kunduz,Norway,,9.0999715,60.5000209,2
SInt-AUTH-MI-301-GRC,Greece,Athens,23.7265735,37.98398982,Pakistan,5,Gujrat,Pakistan,,67.91064443,29.10819827,1
SInt-AUTH-MN-099-GRC,Greece,Athens,23.7265735,37.98398982,Syria,4,Damascus,Sweden,,14.5208584,59.6749712,5
SInt-AUTH-NM-266-GRC,Greece,Athens,23.7265735,37.98398982,Afghanistan,1,Bamyan,Switzerland,,8.2319736,46.7985624,3
SInt-AUTH-MN-005-GRC,Greece,Athens,23.7265735,37.98398982,Syria,4,Dayr Az-Zawr,UK,,-3.2765753,54.7023545,1
SInt-FIERI-FR-098-ITA,Italy,Avellino,14.79188202,40.91639215,Senegal,99,Kolda,Senegal,,-14.4529612,14.4750607,1
SInt-ULEI-IA-100-COD,DR Congo,Bukavu - Ibanda,28.8529724,-2.508456945,DR Congo,2,Shabunda,DR Congo,,23.21003005,-2.90587118,1
SInt-FIERI-YSH-153-ITA,Italy,Catania,15.08953247,37.50376503,Eritrea,3,Debub Region,Germany,,10.4234469,51.0834196,1
SInt-AUTH-NM-282-GRC,Greece,Chios,26.05713365,38.38279204,Afghanistan,1,Ghazni,Australia,,134.755,-24.7761086,1
SInt-AUTH-NM-280-GRC,Greece,Chios,26.05713365,38.38279204,Afghanistan,1,Ghazni,Austria,,13.2,47.2,1
SInt-FIERI-YSH-177-ITA,Italy,Fonte Nuova,12.48317519,41.89861642,Eritrea,3,Northern Region,Canada,,-107.991707,61.0666922,1
SInt-FIERI-GG-029-ITA,Italy,Imperia,8.040475894,43.89211375,Mali,99,Kayes,France,,1.8883335,46.603354,2
SInt-FIERI-GG-002-ITA,Italy,Imperia,8.040475894,43.89211375,Pakistan,5,Punjab,Pakistan,,67.91064443,29.10819827,2
SInt-FIERI-GG-004-ITA,Italy,Imperia,8.040475894,43.89211375,Senegal,99,,Senegal,,-14.4529612,14.4750607,2
SInt-FIERI-GG-029-ITA,Italy,Imperia,8.040475894,43.89211375,Mali,99,Kayes,Spain,,-4.8379791,39.3260685,1
SInt-YU-TY-026-JOR,Jordan,Irbid City,35.8493023,32.5556091,Syria,4,Dar`a,Canada,,-107.991707,61.0666922,19
SInt-YU-WA-038-JOR,Jordan,Irbid City,35.8493023,32.5556091,Syria,4,Dar`a,Denmark,,10.3333283,55.670249,1
SInt-YU-WA-018-JOR,Jordan,Irbid City,35.8493023,32.5556091,Syria,4,Dar`a,Finland,,26.10075351,61.66857175,2
SInt-YU-TY-022-JOR,Jordan,Irbid City,35.8493023,32.5556091,Syria,4,Dar`a,Germany,,10.4234469,51.0834196,5
SInt-YU-TY-027-JOR,Jordan,Irbid City,35.8493023,32.5556091,Syria,4,Dar`a,Kuwait,,47.4979476,29.2733964,5
SInt-YU-WA-024-JOR,Jordan,Irbid City,35.8493023,32.5556091,Syria,4,Idlib,Netherlands,,5.416383379,52.09308358,2
SInt-YU-WA-026-JOR,Jordan,Irbid City,35.8493023,32.5556091,Syria,4,Dar`a,Norway,,9.0999715,60.5000209,2
SInt-YU-TY-046-JOR,Jordan,Irbid City,35.8493023,32.5556091,Syria,4,Dar`a,Saudi Arabia,,42.3528328,25.6242618,1
SInt-YU-TY-031-JOR,Jordan,Irbid City,35.8493023,32.5556091,Syria,4,Damascus,Syria,,39.0494106,34.6401861,2
SInt-YU-TY-012-JOR,Jordan,Irbid City,35.8493023,32.5556091,Syria,4,Dar`a,UK,,-3.2765753,54.7023545,3
SInt-YU-TY-030-JOR,Jordan,Irbid City,35.8493023,32.5556091,Syria,4,Dar`a,United Arab Emirates,,35.9239625,31.9515694,5
SInt-YU-TY-004-JOR,Jordan,Irbid City,35.8493023,32.5556091,Syria,4,Dar`a,USA,,-100.4458825,39.7837304,4
SInt-SHARP-NS-194-PAK,Pakistan,Karachi,67.2308,25.0035,Afghanistan,1,Kunduz,Pakistan,,69.18514923,29.32923966,1
SInt-SHARP-SK-224-PAK,Pakistan,Karachi,67.2308,25.0035,Afghanistan,1,Baghlan,USA,,-100.4458825,39.7837304,1
SInt-FIERI-FR-092-ITA,Italy,Legnano (MI),9.183409663,45.46699671,Senegal,99,Dakar,Senegal,,-14.4529612,14.4750607,2
SInt-AUTH-NM-293-GRC,Greece,Lesbos,26.28370102,39.29403315,Afghanistan,1,Kabul,Afghanistan,,66.2385139,33.7680065,1
SInt-AUTH-NM-292-GRC,Greece,Lesbos,26.28370102,39.29403315,Afghanistan,1,Bamyan,Australia,,134.755,-24.7761086,2
SInt-AUTH-NM-298-GRC,Greece,Lesbos,26.28370102,39.29403315,Afghanistan,1,Hirat,Switzerland,,8.2319736,46.7985624,1
SInt-FIERI-FR-073-ITA,Italy,Lignano,13.10522122,45.66839444,Sudan,99,,France,,1.8883335,46.603354,1
SInt-FIERI-FR-073-ITA,Italy,Lignano,13.10522122,45.66839444,Sudan,99,,Sudan,,31.1178617,16.39440993,1
SInt-FIERI-FR-074-ITA,Italy,Lignano,13.10522122,45.66839444,Cameroon,99,Douala,Switzerland,,8.2319736,46.7985624,1
SInt-AAU-Myk-044-ET,Ethiopia,Logiya,40.97665183,11.72505682,Eritrea,3,Southern Region,USA,,-100.4458825,39.7837304,1
SInt-YU-RH-059-JOR,Jordan,Mafraq City,36.2048577,32.3444716,Syria,4,Homs,Austria,,13.2,47.2,1
SInt-YU-RH-020-JOR,Jordan,Mafraq City,36.2048577,32.3444716,Syria,4,Homs,Canada,,-107.991707,61.0666922,3
SInt-YU-RH-029-JOR,Jordan,Mafraq City,36.2048577,32.3444716,Syria,4,Homs,Germany,,10.4234469,51.0834196,1
SInt-YU-RH-002-JOR,Jordan,Mafraq City,36.2048577,32.3444716,Syria,4,Aleppo,Lebanon,,35.843409,33.8750629,2
SInt-YU-RH-057-JOR,Jordan,Mafraq City,36.2048577,32.3444716,Syria,4,Homs,Sweden,,14.5208584,59.6749712,2
SInt-YU-RH-005-JOR,Jordan,Mafraq City,36.2048577,32.3444716,Syria,4,Aleppo,Turkey,,34.9249653,38.9597594,4
SInt-YU-RH-015-JOR,Jordan,Mafraq City,36.2048577,32.3444716,Syria,4,Homs,UK,,-3.2765753,54.7023545,1
SInt-YU-RH-047-JOR,Jordan,Mafraq City,36.2048577,32.3444716,Syria,4,Homs,USA,,-100.4458825,39.7837304,2
SInt-FIERI-FR-038-ITA,Italy,Mestre,12.26419844,45.46571989,Iran,99,Esfhan,Iran,,54.5643516,32.6475314,1
SInt-FIERI-FR-051-ITA,Italy,Mestre,12.26419844,45.46571989,Nigeria,99,Delta State,Nigeria,,7.9999721,9.6000359,2
SInt-FIERI-FR-071-ITA,Italy,Milan,9.183409663,45.46699671,Cameroon,99,,Cameroon,,12.44144166,5.270294606,1
SInt-FIERI-FR-064-ITA,Italy,Milan,9.183409663,45.46699671,Cote d'Ivoire,99,Abidjan,France,,1.8883335,46.603354,1
SInt-FIERI-FR-069-ITA,Italy,Milan,9.183409663,45.46699671,Gambia,99,Banjul,Gambia,,-15.4900464,13.470062,2
SInt-FIERI-FR-069-ITA,Italy,Milan,9.183409663,45.46699671,Gambia,99,Banjul,Germany,,10.4234469,51.0834196,1
SInt-FIERI-YSH-163-ITA,Italy,Milan,9.183409663,45.46699671,Eritrea,3,Debub Region,Israel,,34.8667654,31.5313113,1
SInt-FIERI-FR-064-ITA,Italy,Milan,9.183409663,45.46699671,Cote d'Ivoire,99,Abidjan,Ivory Coast,,-5.5679458,7.9897371,4
SInt-FIERI-FR-072-ITA,Italy,Milan,9.183409663,45.46699671,Mali,99,,Mali,,-2.2900239,16.3700359,1
SInt-FIERI-FR-062-ITA,Italy,Milan,9.183409663,45.46699671,Senegal,99,Dakar,Senegal,,-14.4529612,14.4750607,3
SInt-FIERI-FR-067-ITA,Italy,Milan,9.183409663,45.46699671,Senegal,99,Kolda,Spain,,-3.523344922,39.56495146,1
SInt-FIERI-FR-047-ITA,Italy,Montopoli di Sabina (RI) - Lazio Region,12.68286447,42.23373313,Afghanistan,1,Other region,Afghanistan,,66.2385139,33.7680065,1
SInt-FIERI-FR-039-ITA,Italy,One Di Fonte,11.87502879,45.78404098,Ghana,99,Jaman North Goka,Ghana,,-1.0800271,8.0300284,2
SInt-FIERI-FR-039-ITA,Italy,One Di Fonte,11.87502879,45.78404098,Ghana,99,Jaman North Goka,Italy,,12.33284597,43.38126738,2
SInt-FIERI-FR-097-ITA,Italy,One di Fonte,11.87502879,45.78404098,Nigeria,99,Akwa Ibom State,Nigeria,,7.9999721,9.6000359,3
SInt-FIERI-FR-057-ITA,Italy,Padova,11.88008705,45.40710099,Gambia,99,,Gambia,,-15.4900464,13.470062,1
SInt-FIERI-FR-100-ITA,Italy,Padova,11.88008705,45.40710099,Guinea,99,Conakry,Guinea,,-10.7083587,10.7226226,1
SInt-FIERI-FR-082-ITA,Italy,Padova,11.88008705,45.40710099,Mali,99,Bamako,Mali,,-2.2900239,16.3700359,2
SInt-SHARP-ZA-141-PAK,Pakistan,Peshawar,71.5787,34.0125,Afghanistan,1,Wardak,Germany,,10.4234469,51.0834196,1
SInt-SHARP-AI-021-PAK,Pakistan,Peshawar,71.5787,34.0125,Pakistan,5,,USA,,-100.4458825,39.7837304,1
SInt-FIERI-FR-078-ITA,Italy,Piacenza,9.695401703,45.05446408,Afghanistan,1,,Afghanistan,,66.2385139,33.7680065,2
SInt-FIERI-FR-041-ITA,Italy,Possagno,11.87479106,45.8522677,Syria,4,Tartus,Germany,,10.4234469,51.0834196,1
SInt-FIERI-FR-042-ITA,Italy,Possagno,11.87479106,45.8522677,Sudan,99,Darfur,Sudan,,29.4917691,14.5844444,1
SInt-YU-RA-025-JOR,Jordan,Ramtha Area,36.010167,32.558748,Syria,4,Dar`a,Canada,,-107.991707,61.0666922,2
SInt-YU-RA-024-JOR,Jordan,Ramtha Area,36.010167,32.558748,Syria,4,Dar`a,Netherlands,,5.453803502,52.17826107,1
SInt-YU-RA-025-JOR,Jordan,Ramtha Area,36.010167,32.558748,Syria,4,Dar`a,UK,,-3.2765753,54.7023545,1
SInt-FIERI-GG-097-ITA,Italy,Reggio Emilia,10.63174465,44.69808565,Gambia,99,West Coast Region,France,,1.8883335,46.603354,1
SInt-FIERI-FR-044-ITA,Italy,Rivignano,13.04010147,45.87744265,Pakistan,5,Swabi,Pakistan,,67.91064443,29.10819827,2
SInt-FIERI-FR-040-ITA,Italy,Roma,12.48317519,41.89861642,Iran,99,,Sweden,,14.5208584,59.6749712,1
SInt-FIERI-YSH-150-ITA,Italy,Rome,12.48317519,41.89861642,Eritrea,3,Northern Region,Belgium,,4.740347198,50.69097716,2
SInt-FIERI-FR-037-ITA,Italy,Rome,12.48317519,41.89861642,Cameroon,99,,Cameroon,,12.44144166,5.270294606,1
SInt-FIERI-YSH-136-ITA,Italy,Rome,12.48317519,41.89861642,Eritrea,3,Anseba,Canada,,-107.991707,61.0666922,7
SInt-FIERI-YSH-132-ITA,Italy,Rome,12.48317519,41.89861642,Eritrea,3,Debub Region,Denmark,,10.3333283,55.670249,1
SInt-FIERI-YSH-123-ITA,Italy,Rome,12.48317519,41.89861642,Eritrea,3,Anseba,Finland,,25.9209164,63.2467777,1
SInt-FIERI-FR-058-ITA,Italy,Rome,12.48317519,41.89861642,Guinea,99,,France,,1.8883335,46.603354,1
SInt-FIERI-FR-049-ITA,Italy,Rome,12.48317519,41.89861642,Gambia,99,,Gambia,,-15.4900464,13.470062,2
SInt-FIERI-YSH-199-ITA,Italy,Rome,12.48317519,41.89861642,Ethiopia,99,Addis Ababa,Germany,,10.4234469,51.0834196,11
SInt-FIERI-FR-053-ITA,Italy,Rome,12.48317519,41.89861642,Ghana,99,Kumasi,Ghana,,-1.0800271,8.0300284,2
SInt-FIERI-FR-079-ITA,Italy,Rome,12.48317519,41.89861642,Cote d'Ivoire,99,,Ivory Coast,,-5.5679458,7.9897371,1
SInt-FIERI-YSH-147-ITA,Italy,Rome,12.48317519,41.89861642,Eritrea,3,Anseba,Netherlands,,5.7480821,52.5001698,7
SInt-FIERI-YSH-103-ITA,Italy,Rome,12.48317519,41.89861642,Eritrea,3,Debub Region,Norway,,9.0999715,60.5000209,6
SInt-FIERI-YSH-113-ITA,Italy,Rome,12.48317519,41.89861642,Eritrea,3,Debub Region,South Africa,,23.99568563,-31.12342014,1
SInt-FIERI-YSH-199-ITA,Italy,Rome,12.48317519,41.89861642,Ethiopia,99,Addis Ababa,Sweden,,14.5208584,59.6749712,11
SInt-FIERI-YSH-142-ITA,Italy,Rome,12.48317519,41.89861642,Eritrea,3,Anseba,Switzerland,,8.2319736,46.7985624,5
SInt-FIERI-YSH-154-ITA,Italy,Rome,12.48317519,41.89861642,Eritrea,3,Debub Region,UK,,-3.2765753,54.7023545,4
SInt-FIERI-YSH-142-ITA,Italy,Rome,12.48317519,41.89861642,Eritrea,3,Anseba,USA,,-100.4458825,39.7837304,11
SInt-FIERI-GG-039-ITA,Italy,Saluzzo,7.493424405,44.64534653,Gambia,99,Serekunda,Gambia,,-15.4900464,13.470062,1
SInt-AAU-Mga-002-ET,Ethiopia,Shire,38.28306186,14.10394365,Eritrea,3,Debub Region,Canada,,-75.22270483,48.31080983,1
SInt-AAU-Tes-024-ET,Ethiopia,Tigray - Mai Aini,38.153946,13.654018,Eritrea,3,Debub Region,Angola,,17.5691241,-11.8775768,1
SInt-AAU-Tes-031-ET,Ethiopia,Tigray - Mai Aini,38.153946,13.654018,Eritrea,3,Debub Region,France,,1.8883335,46.603354,1
SInt-AAU-Tes-010-ET,Ethiopia,Tigray - Mai Aini,38.153946,13.654018,Eritrea,3,Debub Region,Germany,,10.4234469,51.0834196,1
SInt-AAU-Tes-030-ET,Ethiopia,Tigray - Mai Aini,38.153946,13.654018,Eritrea,3,Debub Region,Norway,,9.0999715,60.5000209,1
SInt-AAU-Asm-001-ET,Ethiopia,Tigray - Mai Aini,38.153946,13.654018,Eritrea,3,Debub Region,USA,,-100.4458825,39.7837304,2
SInt-FIERI-GG-080-ITA,Italy,Torino,7.684475733,45.07385256,Gambia,99,Lower River Region,Belgium,,4.740347198,50.69097716,2
SInt-FIERI-GG-016-ITA,Italy,Torino,7.684475733,45.07385256,Burkina Faso,99,Centre est tenkodogo,Burkina Faso,,-1.6880314,12.0753083,2
SInt-FIERI-GG-069-ITA,Italy,Torino,7.684475733,45.07385256,DR Congo,2,Kinshasa,DR Congo,,23.906315,-3.91681748,1
SInt-FIERI-GG-019-ITA,Italy,Torino,7.684475733,45.07385256,Eritrea,3,Asmara,Eritrea,,37.9999668,15.9500319,1
SInt-FIERI-GG-020-ITA,Italy,Torino,7.684475733,45.07385256,Eritrea,3,Asmara,Ethiopia,,38.6521203,10.2116702,1
SInt-FIERI-GG-049-ITA,Italy,Torino,7.684475733,45.07385256,Gambia,99,Upper River Region,Finland,,25.9209164,63.2467777,1
SInt-FIERI-GG-082-ITA,Italy,Torino,7.684475733,45.07385256,Cote d'Ivoire,99,Abidjan,France,,1.8883335,46.603354,10
SInt-FIERI-GG-023-ITA,Italy,Torino,7.684475733,45.07385256,Gambia,99,Lamen,Gambia,,-15.4900464,13.470062,5
SInt-FIERI-GG-059-ITA,Italy,Torino,7.684475733,45.07385256,Gambia,99,Bakau,Germany,,10.4234469,51.0834196,10
SInt-FIERI-GG-018-ITA,Italy,Torino,7.684475733,45.07385256,Ghana,99,Jirapa Duori,Ghana,,-1.0800271,8.0300284,4
SInt-FIERI-GG-085-ITA,Italy,Torino,7.684475733,45.07385256,Guinea,99,Conakry,Guinea,,-10.7083587,10.7226226,2
SInt-FIERI-GG-015-ITA,Italy,Torino,7.684475733,45.07385256,Afghanistan,1,,Iran,,54.5643516,32.6475314,1
SInt-FIERI-GG-065-ITA,Italy,Torino,7.684475733,45.07385256,Nigeria,99,,Italy,,12.33284597,43.38126738,1
SInt-FIERI-GG-076-ITA,Italy,Torino,7.684475733,45.07385256,Cote d'Ivoire,99,Abidjan,Ivory Coast,,-5.5679458,7.9897371,10
SInt-FIERI-GG-100-ITA,Italy,Torino,7.684475733,45.07385256,Mali,99,Kidal Region,Mali,,-2.2900239,16.3700359,2
SInt-FIERI-FR-083-ITA,Italy,Torino,7.684475733,45.07385256,Niger,99,,Niger,,9.3238432,17.7356214,2
SInt-FIERI-GG-011-ITA,Italy,Torino,7.684475733,45.07385256,Nigeria,99,Auchi,Nigeria,,7.9999721,9.6000359,21
SInt-FIERI-GG-020-ITA,Italy,Torino,7.684475733,45.07385256,Eritrea,3,Asmara,Norway,,9.0999715,60.5000209,1
SInt-FIERI-GG-069-ITA,Italy,Torino,7.684475733,45.07385256,DR Congo,2,Kinshasa,Philippines,,122.7312101,12.7503486,1
SInt-FIERI-GG-081-ITA,Italy,Torino,7.684475733,45.07385256,Senegal,99,Dakar,Senegal,,-14.4529612,14.4750607,3
SInt-FIERI-GG-012-ITA,Italy,Torino,7.684475733,45.07385256,Somalia,99,Mogadiscio,Somalia,,49.083416,8.3676771,3
SInt-FIERI-GG-023-ITA,Italy,Torino,7.684475733,45.07385256,Gambia,99,Lamen,Spain,,-3.523344922,39.56495146,1
SInt-FIERI-GG-013-ITA,Italy,Torino,7.684475733,45.07385256,Somalia,99,Mogadiscio,Sweden,,14.5208584,59.6749712,3
SInt-FIERI-GG-019-ITA,Italy,Torino,7.684475733,45.07385256,Eritrea,3,Asmara,Switzerland,,8.2319736,46.7985624,1
SInt-FIERI-GG-045-ITA,Italy,Torino,7.684475733,45.07385256,Nigeria,99,Edo State,UK,,-3.2765753,54.7023545,1
SInt-FIERI-GG-048-ITA,Italy,Torino,7.684475733,45.07385256,Nigeria,99,,USA,,-100.4458825,39.7837304,1
SInt-FIERI-FR-085-ITA,Italy,Trieste,13.77589363,45.64518582,Afghanistan,1,Nangarhar,Afghanistan,,66.2385139,33.7680065,1
SInt-FIERI-FR-085-ITA,Italy,Trieste,13.77589363,45.64518582,Afghanistan,1,Nangarhar,Saudi Arabia,,45.23034137,23.61281077,1
SInt-FIERI-FR-085-ITA,Italy,Trieste,13.77589363,45.64518582,Afghanistan,1,Nangarhar,USA,,-100.4458825,39.7837304,1
SInt-FIERI-FR-001-ITA,Italy,Udine,13.2359222,46.0626085,Afghanistan,1,Laghman,Afghanistan,,66.2385139,33.7680065,2
SInt-FIERI-YSH-127-ITA,Italy,Udine,13.2359222,46.0626085,Eritrea,3,Debub Region,Eritrea,,38.31663081,15.89821823,1
SInt-FIERI-FR-089-ITA,Italy,Udine,13.2359222,46.0626085,Pakistan,5,,Germany,,10.4234469,51.0834196,1
SInt-FIERI-FR-036-ITA,Italy,Udine,13.2359222,46.0626085,Pakistan,5,Peshawar,Pakistan,,67.91064443,29.10819827,2
SInt-FIERI-FR-015-ITA,Italy,Udine,13.2359222,46.0626085,Pakistan,5,Punjab,Turkey,,35.43292847,38.95020522,1
SInt-FIERI-FR-026-ITA,Italy,Udine,13.2359222,46.0626085,Pakistan,5,Kashmir,UK,,-3.2765753,54.7023545,2
SInt-FIERI-FR-056-ITA,Italy,Udine,13.2359222,46.0626085,Afghanistan,1,Nangarhar,USA,,-100.4458825,39.7837304,1
SInt-FIERI-GG-026-ITA,Italy,Vestigne (TO),7.684475733,45.07385256,Mali,99,Region of Timbuktu,Algeria,,2.9999825,28.0000272,2
SInt-FIERI-GG-026-ITA,Italy,Vestigne (TO),7.684475733,45.07385256,Mali,99,Region of Timbuktu,France,,1.8883335,46.603354,1
SInt-FIERI-GG-025-ITA,Italy,Vestigne (TO),7.684475733,45.07385256,Mali,99,Region of Timbuktu,Mali,,-2.2900239,16.3700359,1
SInt-FIERI-FR-055-ITA,Italy,Vicenza,11.54610747,45.54889421,Niger,99,Maradi,Cameroon,,12.44144166,5.270294606,1
SInt-FIERI-FR-059-ITA,Italy,Vicenza,11.54610747,45.54889421,Senegal,99,Tambacounda,France,,1.8883335,46.603354,1
SInt-FIERI-FR-076-ITA,Italy,Vicenza,11.54610747,45.54889421,Guinea,99,Kankan,Guinea,,-10.7083587,10.7226226,1
SInt-FIERI-FR-081-ITA,Italy,Vicenza,11.54610747,45.54889421,Mali,99,,Ivory Coast,,-5.5679458,7.9897371,1
SInt-FIERI-FR-087-ITA,Italy,Vicenza,11.54610747,45.54889421,Mali,99,Gao,Mali,,-2.2900239,16.3700359,2
SInt-FIERI-FR-055-ITA,Italy,Vicenza,11.54610747,45.54889421,Niger,99,Maradi,Niger,,9.3238432,17.7356214,1
SInt-FIERI-FR-060-ITA,Italy,Vicenza,11.54610747,45.54889421,Senegal,99,Mbour,Senegal,,-14.4529612,14.4750607,2
SInt-FIERI-YSH-198-ITA,Italy,Voghera,9.010033863,44.99355281,Eritrea,3,Debub Region,Norway,,9.0999715,60.5000209,1
SInt-YU-AGS-011-JOR,Jordan,Zaatari Camp,36.3270549,32.2928659,Syria,4,Dar`a,Canada,,-107.991707,61.0666922,6
SInt-YU-AGS-047-JOR,Jordan,Zaatari Camp,36.3270549,32.2928659,Syria,4,Dar`a,France,,1.8883335,46.603354,1
